{
"type": "FeatureCollection",
"name": "zone_boundaries",
"crs": { "type": "name", "properties": { "name": "urn:ogc:def:crs:OGC:1.3:CRS84" } },
"features": [
{ "type": "Feature", "properties": { "zone_id": "BEL", "n_wards": 1, "source": "wards", "zone_name": "Bellandur-ORR", "zone_type": "office", "area_km2": 9.5 }, "geometry": { "type": "Polygon", "coordinates": [ [ [ 77.6477733, 12.9471678 ], [ 77.6490253, 12.9460134 ], [ 77.6493744, 12.947401 ], [ 77.6546495, 12.9476952 ], [ 77.655772, 12.9473641 ], [ 77.6599591, 12.9475563 ], [ 77.6624847, 12.9466497 ], [ 77.662536, 12.9444856 ], [ 77.6641577, 12.9444453 ], [ 77.6647497, 12.94587 ], [ 77.6665556, 12.9460909 ], [ 77.6665476, 12.9463688 ], [ 77.6683935, 12.9465102 ], [ 77.6683083, 12.9468871 ], [ 77.6692343, 12.9470809 ], [ 77.6708759, 12.9471171 ], [ 77.670897, 12.9478532 ], [ 77.672948, 12.9478988 ], [ 77.6729777, 12.9480972 ], [ 77.6752288, 12.9486636 ], [ 77.678195, 12.9482141 ], [ 77.6800451, 12.9482087 ], [ 77.6807002, 12.9484244 ], [ 77.6875126, 12.9490171 ], [ 77.6886709, 12.9492942 ], [ 77.6890876, 12.9496426 ], [ 77.6907998, 12.9493614 ], [ 77.6918489, 12.9485793 ], [ 77.6937042, 12.9479368 ], [ 77.6946808, 12.9479075 ], [ 77.6946535, 12.9466544 ], [ 77.6954958, 12.9466217 ], [ 77.6954388, 12.9459899 ], [ 77.6949939, 12.9457577 ], [ 77.6947561, 12.9453427 ], [ 77.6968062, 12.945076 ], [ 77.69785640000002, 12.9446699 ], [ 77.6973311, 12.9429883 ], [ 77.6950344, 12.9391909 ], [ 77.68524, 12.930213 ], [ 77.6678546, 12.921842 ], [ 77.6682024, 12.9232364 ], [ 77.6687731, 12.9233164 ], [ 77.6689328, 12.9262056 ], [ 77.6688985, 12.9271511 ], [ 77.6684586, 12.9287083 ], [ 77.667691, 12.9287929 ], [ 77.6680348, 12.9312432 ], [ 77.6664015, 12.9310059 ], [ 77.6658552, 12.9303508 ], [ 77.6651145, 12.9283551 ], [ 77.6645944, 12.9280522 ], [ 77.663763, 12.9280381 ], [ 77.6630242, 12.9283324 ], [ 77.6618169, 12.9289613 ], [ 77.6610847, 12.929827 ], [ 77.6591243, 12.9294179 ], [ 77.6550207, 12.9349682 ], [ 77.6571627, 12.936053 ], [ 77.659336, 12.9375497 ], [ 77.6605643, 12.9380295 ], [ 77.6604345, 12.9382691 ], [ 77.6589099, 12.9382971 ], [ 77.6589082, 12.9379154 ], [ 77.6581389, 12.9378961 ], [ 77.658056, 12.9398506 ], [ 77.6574278, 12.9401088 ], [ 77.6543997, 12.9402481 ], [ 77.6478212, 12.9437965 ], [ 77.6473289, 12.9442848 ], [ 77.6475519, 12.9444666 ], [ 77.6474553, 12.9449667 ], [ 77.6450694, 12.9466814 ], [ 77.639885, 12.9512804 ], [ 77.6397392, 12.9515337 ], [ 77.6407726, 12.9532939 ], [ 77.6420731, 12.9539436 ], [ 77.6425136, 12.953956 ], [ 77.6442537, 12.9533342 ], [ 77.6444986, 12.9517226 ], [ 77.6452486, 12.9496394 ], [ 77.6465326, 12.947867 ], [ 77.6477733, 12.9471678 ] ] ] } },
{ "type": "Feature", "properties": { "zone_id": "BGR", "n_wards": 8, "source": "wards", "zone_name": "Bannerghatta Road", "zone_type": "mixed", "area_km2": 40.6 }, "geometry": { "type": "Polygon", "coordinates": [ [ [ 77.5790409, 12.8382627 ], [ 77.5731382, 12.8391308 ], [ 77.5656049, 12.8396663 ], [ 77.562192, 12.8390243 ], [ 77.5599821, 12.8403199 ], [ 77.5572788, 12.8415343 ], [ 77.5573468, 12.8441897 ], [ 77.5564286, 12.8450721 ], [ 77.5548793, 12.8478492 ], [ 77.5544813, 12.8480283 ], [ 77.5532317, 12.8477325 ], [ 77.553021, 12.8471569 ], [ 77.5519935, 12.847565 ], [ 77.551494, 12.8480052 ], [ 77.5448728, 12.8475969 ], [ 77.5443687, 12.8480655 ], [ 77.5443189, 12.8485211 ], [ 77.5452004, 12.8488228 ], [ 77.5451468, 12.8493012 ], [ 77.5456283, 12.8496274 ], [ 77.545668, 12.8499116 ], [ 77.545554100000018, 12.8504876 ], [ 77.5448305, 12.8509215 ], [ 77.5448065, 12.8512887 ], [ 77.545219, 12.8516145 ], [ 77.5455065, 12.8527286 ], [ 77.5458236, 12.8528995 ], [ 77.5458018, 12.8545056 ], [ 77.5464484, 12.8555654 ], [ 77.5459151, 12.8565543 ], [ 77.5460462, 12.857461 ], [ 77.5464141, 12.8579848 ], [ 77.5463486, 12.8583965 ], [ 77.5457321, 12.8592382 ], [ 77.5452026, 12.8587826 ], [ 77.5449695, 12.8592885 ], [ 77.5451212, 12.8598382 ], [ 77.5456048, 12.8603688 ], [ 77.5457837, 12.8611079 ], [ 77.5461227, 12.8613373 ], [ 77.5464306, 12.8627064 ], [ 77.547939, 12.8637308 ], [ 77.5483146, 12.8643923 ], [ 77.547915, 12.865111 ], [ 77.5482205, 12.8657868 ], [ 77.5482574, 12.8669282 ], [ 77.550129, 12.8675571 ], [ 77.550511, 12.8686727 ], [ 77.5511959, 12.8685089 ], [ 77.5511626, 12.8669271 ], [ 77.5516384, 12.8669096 ], [ 77.5521689, 12.8663831 ], [ 77.5538248, 12.8666188 ], [ 77.5539726, 12.8659284 ], [ 77.5546371, 12.8660191 ], [ 77.5555262, 12.8687965 ], [ 77.557575, 12.8685055 ], [ 77.5574931, 12.8679743 ], [ 77.5577636, 12.867974 ], [ 77.5587574, 12.8667762 ], [ 77.561116, 12.8660451 ], [ 77.5618178, 12.8685047 ], [ 77.565778, 12.8677759 ], [ 77.5662313, 12.8691154 ], [ 77.5660522, 12.8700321 ], [ 77.5666108, 12.8728633 ], [ 77.5668641, 12.8765233 ], [ 77.5676339, 12.8788962 ], [ 77.5672517, 12.8790603 ], [ 77.5673646, 12.8795798 ], [ 77.566957300000013, 12.881349 ], [ 77.5660062, 12.8821669 ], [ 77.5661435, 12.8831063 ], [ 77.5665229, 12.8836164 ], [ 77.5674134, 12.8834021 ], [ 77.5674837, 12.8838114 ], [ 77.5697479, 12.8832968 ], [ 77.5703963, 12.8849674 ], [ 77.5709947, 12.8884444 ], [ 77.5732233, 12.8879978 ], [ 77.573128600000018, 12.887346 ], [ 77.574727, 12.8870426 ], [ 77.5759165, 12.8862663 ], [ 77.575493, 12.8853194 ], [ 77.5755161, 12.8841989 ], [ 77.5769833, 12.8844385 ], [ 77.5768696, 12.8852494 ], [ 77.5782275, 12.8859949 ], [ 77.5785483, 12.8860143 ], [ 77.5790549, 12.8854661 ], [ 77.5793558, 12.885567 ], [ 77.5793424, 12.8871222 ], [ 77.578799, 12.8875703 ], [ 77.5786491, 12.8881682 ], [ 77.5819023, 12.8882263 ], [ 77.5822386, 12.8856651 ], [ 77.5834511, 12.8822166 ], [ 77.5859131, 12.8828722 ], [ 77.5909791, 12.8836205 ], [ 77.5916279, 12.8858569 ], [ 77.5917963, 12.8883001 ], [ 77.5854617, 12.8895249 ], [ 77.5825928, 12.8904589 ], [ 77.581856, 12.8912849 ], [ 77.5818074, 12.8922216 ], [ 77.5856676, 12.8917938 ], [ 77.5856328, 12.8926265 ], [ 77.5864102, 12.8927227 ], [ 77.5859137, 12.8968846 ], [ 77.5887232, 12.8970669 ], [ 77.5887272, 12.8973966 ], [ 77.5889737, 12.8974653 ], [ 77.5886664, 12.899605 ], [ 77.5880324, 12.9009156 ], [ 77.5885014, 12.9010442 ], [ 77.5880448, 12.9032915 ], [ 77.5882896, 12.9033839 ], [ 77.5881184, 12.9050819 ], [ 77.5900512, 12.9047951 ], [ 77.5902339, 12.9057114 ], [ 77.592936, 12.9052916 ], [ 77.5934084, 12.9052722 ], [ 77.5935623, 12.90557 ], [ 77.5939922, 12.9026623 ], [ 77.5966425, 12.9024643 ], [ 77.5994701, 12.9011047 ], [ 77.5989435, 12.9035041 ], [ 77.5994198, 12.903872 ], [ 77.6003111, 12.9035661 ], [ 77.6014589, 12.9035118 ], [ 77.6018532, 12.9051295 ], [ 77.6017324, 12.9058004 ], [ 77.6005005, 12.9072401 ], [ 77.6002283, 12.9085257 ], [ 77.6040169, 12.9086958 ], [ 77.6038512, 12.9058087 ], [ 77.6062496, 12.9056334 ], [ 77.6083941, 12.9058978 ], [ 77.6094625, 12.9054094 ], [ 77.6090467, 12.9045334 ], [ 77.6086653, 12.9017213 ], [ 77.6072026, 12.9021133 ], [ 77.6059831, 12.9020562 ], [ 77.6056945, 12.9022649 ], [ 77.605507, 12.9030728 ], [ 77.6034672, 12.9032437 ], [ 77.6034485, 12.9019355 ], [ 77.6031491, 12.9011109 ], [ 77.6024546, 12.9017876 ], [ 77.6010862, 12.9020429 ], [ 77.6008968, 12.900029 ], [ 77.598825600000012, 12.8924257 ], [ 77.598111100000011, 12.8905605 ], [ 77.5995895, 12.8903188 ], [ 77.599995, 12.8899913 ], [ 77.6031621, 12.8888054 ], [ 77.603227, 12.88942 ], [ 77.6038615, 12.8898404 ], [ 77.6073724, 12.8885079 ], [ 77.6084327, 12.8883505 ], [ 77.6081512, 12.8916222 ], [ 77.6096509, 12.8922141 ], [ 77.6104214, 12.8928346 ], [ 77.6116793, 12.8920674 ], [ 77.6120411, 12.8910507 ], [ 77.612522, 12.8917969 ], [ 77.6127521, 12.8928867 ], [ 77.6141759, 12.892598 ], [ 77.6144767, 12.8936306 ], [ 77.6145982, 12.8959116 ], [ 77.6140979, 12.8957314 ], [ 77.6135689, 12.8969462 ], [ 77.6134911, 12.8976573 ], [ 77.6149882, 12.8981606 ], [ 77.615168, 12.8989549 ], [ 77.6157878, 12.8989928 ], [ 77.61574490000001, 12.8987128 ], [ 77.6180549, 12.8989882 ], [ 77.6180663, 12.8979356 ], [ 77.619703, 12.8982907 ], [ 77.6214129, 12.8976785 ], [ 77.6211219, 12.8966571 ], [ 77.6205115, 12.8956311 ], [ 77.62007, 12.8940249 ], [ 77.6227042, 12.894014 ], [ 77.6227078, 12.8949631 ], [ 77.6257844, 12.8944907 ], [ 77.629217, 12.8943196 ], [ 77.6318022, 12.8937322 ], [ 77.6329076, 12.8937822 ], [ 77.6350615, 12.8932501 ], [ 77.6350841, 12.8924921 ], [ 77.6355095, 12.8923952 ], [ 77.6353327, 12.8912858 ], [ 77.6348955, 12.8913038 ], [ 77.6347997, 12.8901743 ], [ 77.6341663, 12.8901035 ], [ 77.6350147, 12.8885076 ], [ 77.6345393, 12.8882821 ], [ 77.6346551, 12.8875675 ], [ 77.6349592, 12.887611 ], [ 77.6351953, 12.8863816 ], [ 77.6323308, 12.8860979 ], [ 77.6314953, 12.8886136 ], [ 77.6314742, 12.8892554 ], [ 77.632874, 12.8894095 ], [ 77.6328005, 12.892407 ], [ 77.6302154, 12.8927647 ], [ 77.6298709, 12.8920669 ], [ 77.6294342, 12.8917551 ], [ 77.6292494, 12.8908626 ], [ 77.6286092, 12.8901327 ], [ 77.6285764, 12.8880879 ], [ 77.6255372, 12.8883929 ], [ 77.6255563, 12.8885632 ], [ 77.6236581, 12.8885619 ], [ 77.6214707, 12.888856 ], [ 77.621376500000011, 12.8886029 ], [ 77.6199036, 12.8888739 ], [ 77.6191945, 12.8880386 ], [ 77.6186567, 12.8864675 ], [ 77.62189570000001, 12.8862894 ], [ 77.6217781, 12.8851026 ], [ 77.6221021, 12.8836143 ], [ 77.6229946, 12.8830408 ], [ 77.6234311, 12.8824029 ], [ 77.6233209, 12.8812736 ], [ 77.6245817, 12.8809233 ], [ 77.6244872, 12.8798119 ], [ 77.6247008, 12.8784332 ], [ 77.6255218, 12.8778524 ], [ 77.6257541, 12.8770642 ], [ 77.624718, 12.8772631 ], [ 77.624787, 12.8758767 ], [ 77.6242793, 12.8758186 ], [ 77.6239995, 12.8738734 ], [ 77.6236568, 12.8735552 ], [ 77.6240129, 12.8733181 ], [ 77.6251723, 12.8734698 ], [ 77.6275371, 12.8694496 ], [ 77.6286821, 12.8665505 ], [ 77.632341, 12.8611368 ], [ 77.631681, 12.8605537 ], [ 77.6316263, 12.8602367 ], [ 77.63086, 12.8599208 ], [ 77.6303929, 12.8585822 ], [ 77.629062800000014, 12.8569118 ], [ 77.6273958, 12.8570454 ], [ 77.6264655, 12.8574914 ], [ 77.6190427, 12.8581368 ], [ 77.6189077, 12.8575888 ], [ 77.6181137, 12.8574105 ], [ 77.6168394, 12.8575339 ], [ 77.6164936, 12.8557137 ], [ 77.6143604, 12.8542177 ], [ 77.6127453, 12.8517501 ], [ 77.6115824, 12.8514271 ], [ 77.6090996, 12.8512683 ], [ 77.6090148, 12.8483893 ], [ 77.6092212, 12.8460657 ], [ 77.6070851, 12.8474714 ], [ 77.6044727, 12.8481733 ], [ 77.6026718, 12.8483981 ], [ 77.6005473, 12.8481243 ], [ 77.6001874, 12.8479122 ], [ 77.5977779, 12.8483292 ], [ 77.595617, 12.8491614 ], [ 77.5945245, 12.8463343 ], [ 77.5941611, 12.8419325 ], [ 77.5938512, 12.840446 ], [ 77.592746, 12.8372316 ], [ 77.5915303, 12.8345839 ], [ 77.5906284, 12.8349632 ], [ 77.590563, 12.8355888 ], [ 77.5896662, 12.8354743 ], [ 77.5870223, 12.8334905 ], [ 77.5820121, 12.8364527 ], [ 77.5820891, 12.8368946 ], [ 77.5816575, 12.8372828 ], [ 77.5790409, 12.8382627 ] ], [ [ 77.5823072, 12.838392 ], [ 77.582307198125875, 12.838392001249423 ], [ 77.5820186, 12.8370468 ], [ 77.5823072, 12.838392 ] ] ] } },
{ "type": "Feature", "properties": { "zone_id": "BSK", "n_wards": 21, "source": "wards", "zone_name": "Banashankari", "zone_type": "residential", "area_km2": 49.8 }, "geometry": { "type": "Polygon", "coordinates": [ [ [ 77.546898700000014, 12.8845478 ], [ 77.5466155, 12.8844896 ], [ 77.5454965, 12.8835044 ], [ 77.5437089, 12.8791862 ], [ 77.5420118, 12.8794353 ], [ 77.5399293, 12.8801038 ], [ 77.539057, 12.8799022 ], [ 77.5375181, 12.8802638 ], [ 77.537564, 12.8832799 ], [ 77.5358421, 12.8846134 ], [ 77.5325803, 12.8852988 ], [ 77.5315951, 12.8851966 ], [ 77.5279146, 12.883965 ], [ 77.5223299, 12.8836326 ], [ 77.5190338, 12.8831923 ], [ 77.5166548, 12.8873848 ], [ 77.5157231, 12.8900579 ], [ 77.5161976, 12.8914538 ], [ 77.5158753, 12.8938097 ], [ 77.5156276, 12.893282 ], [ 77.5157616, 12.8924089 ], [ 77.5152445, 12.8925652 ], [ 77.5152317, 12.8929493 ], [ 77.514469, 12.8928313 ], [ 77.5139611, 12.8929807 ], [ 77.5143908, 12.8942234 ], [ 77.5140982, 12.895071 ], [ 77.514498, 12.8952761 ], [ 77.5145336, 12.8955581 ], [ 77.5141705, 12.8972364 ], [ 77.5134697, 12.8981308 ], [ 77.5137358, 12.8986105 ], [ 77.5136612, 12.8990381 ], [ 77.5126257, 12.9002508 ], [ 77.513348, 12.9010988 ], [ 77.51422, 12.9015546 ], [ 77.5141548, 12.9020589 ], [ 77.511614200000011, 12.9021398 ], [ 77.5109705, 12.9025853 ], [ 77.5113372, 12.9027568 ], [ 77.5110879, 12.9040241 ], [ 77.5117905, 12.9055712 ], [ 77.5115654, 12.9060863 ], [ 77.5104275, 12.9072356 ], [ 77.5111585, 12.9080372 ], [ 77.5110499, 12.9084976 ], [ 77.5123198, 12.9101106 ], [ 77.5124933, 12.9108087 ], [ 77.5127959, 12.9109379 ], [ 77.5119656, 12.9136598 ], [ 77.5122731, 12.9159373 ], [ 77.5125647, 12.916248 ], [ 77.5123026, 12.917104 ], [ 77.5116222, 12.9181518 ], [ 77.5114885, 12.9192825 ], [ 77.5118194, 12.9203149 ], [ 77.5115398, 12.9207287 ], [ 77.5117065, 12.9220304 ], [ 77.5114404, 12.923683 ], [ 77.510426, 12.9238508 ], [ 77.51043, 12.9246526 ], [ 77.5051958, 12.9253851 ], [ 77.5040687, 12.9271317 ], [ 77.5027955, 12.9281276 ], [ 77.4992055, 12.9252347 ], [ 77.4986718, 12.9273755 ], [ 77.4986247, 12.9309075 ], [ 77.499144, 12.9308031 ], [ 77.500079, 12.9353658 ], [ 77.4991428, 12.9357114 ], [ 77.499684, 12.9380259 ], [ 77.4971895, 12.9400522 ], [ 77.4977583, 12.9413207 ], [ 77.4994836, 12.9437944 ], [ 77.499653, 12.9445585 ], [ 77.5003081, 12.944315 ], [ 77.5007406, 12.946656 ], [ 77.4985614, 12.9473319 ], [ 77.4986875, 12.9481161 ], [ 77.4992541, 12.950419 ], [ 77.5002391, 12.9513155 ], [ 77.5001815, 12.9519993 ], [ 77.501248, 12.9536967 ], [ 77.5008753, 12.9539448 ], [ 77.5027238, 12.9565376 ], [ 77.5043528, 12.9604344 ], [ 77.5050416, 12.9631166 ], [ 77.5048226, 12.9654778 ], [ 77.5052317, 12.9669913 ], [ 77.5068323, 12.970693 ], [ 77.5090982, 12.9742186 ], [ 77.5104784, 12.973566 ], [ 77.5127867, 12.9717299 ], [ 77.5146467, 12.9707768 ], [ 77.5177731, 12.9697604 ], [ 77.5181973, 12.9701902 ], [ 77.5195197, 12.9698849 ], [ 77.5194633, 12.969541 ], [ 77.5215397, 12.9690488 ], [ 77.521475, 12.9685706 ], [ 77.524103, 12.9679993 ], [ 77.5232432, 12.9654861 ], [ 77.5236707, 12.963797 ], [ 77.5227735, 12.9639064 ], [ 77.5222686, 12.9618928 ], [ 77.5231621, 12.9622355 ], [ 77.5232807, 12.9617262 ], [ 77.523951, 12.961679 ], [ 77.5262997, 12.9622164 ], [ 77.5263028, 12.9620052 ], [ 77.5267143, 12.9619933 ], [ 77.526572, 12.9627841 ], [ 77.5267287, 12.9636397 ], [ 77.5264337, 12.964598 ], [ 77.5294968, 12.9649376 ], [ 77.5306267, 12.9646273 ], [ 77.5331106, 12.9647477 ], [ 77.5346891, 12.9643845 ], [ 77.5354443, 12.965991 ], [ 77.5375015, 12.9652888 ], [ 77.5374415, 12.9649765 ], [ 77.5371706, 12.9650616 ], [ 77.5368425, 12.9633708 ], [ 77.5374298, 12.9633119 ], [ 77.5371984, 12.9620697 ], [ 77.5375233, 12.9620846 ], [ 77.5368317, 12.9600834 ], [ 77.5357031, 12.9585993 ], [ 77.5340007, 12.9576332 ], [ 77.534989, 12.9548793 ], [ 77.5363131, 12.9535597 ], [ 77.5415342, 12.9528696 ], [ 77.5420638, 12.9534223 ], [ 77.5428603, 12.9537897 ], [ 77.5426313, 12.9547119 ], [ 77.5415869, 12.9550276 ], [ 77.5416728, 12.9554193 ], [ 77.5419662, 12.9559261 ], [ 77.5433456, 12.9570468 ], [ 77.5437113, 12.9577277 ], [ 77.5451602, 12.9572657 ], [ 77.5479139, 12.9574567 ], [ 77.549581500000016, 12.9547108 ], [ 77.5493462, 12.9547312 ], [ 77.5491233, 12.9523482 ], [ 77.5515835, 12.9520712 ], [ 77.5562798, 12.9459979 ], [ 77.5562194, 12.945374 ], [ 77.5557105, 12.9453824 ], [ 77.5556954, 12.9442909 ], [ 77.5552066, 12.9442309 ], [ 77.5553829, 12.9427802 ], [ 77.5545556, 12.9426043 ], [ 77.554688, 12.9418158 ], [ 77.5560886, 12.9417535 ], [ 77.5558311, 12.9395923 ], [ 77.5555712, 12.9396174 ], [ 77.5554106, 12.9383812 ], [ 77.5550138, 12.9384235 ], [ 77.5543411, 12.9359625 ], [ 77.5536991, 12.9362353 ], [ 77.5535736, 12.9359542 ], [ 77.5556576, 12.9349931 ], [ 77.5557157, 12.9351563 ], [ 77.556823, 12.9350686 ], [ 77.5569426, 12.9359009 ], [ 77.5578719, 12.935745 ], [ 77.5579293, 12.9360685 ], [ 77.5598197, 12.9357597 ], [ 77.5598471, 12.9361894 ], [ 77.560693200000017, 12.9352305 ], [ 77.560661, 12.9348367 ], [ 77.5622203, 12.9342511 ], [ 77.562702, 12.9331114 ], [ 77.5639747, 12.9324269 ], [ 77.5636867, 12.9304975 ], [ 77.5666763, 12.9299486 ], [ 77.5693058, 12.9299408 ], [ 77.5690011, 12.9272154 ], [ 77.5694036, 12.9270657 ], [ 77.5692739, 12.9265374 ], [ 77.5703089, 12.9258067 ], [ 77.5705262, 12.9248232 ], [ 77.5687116, 12.9181114 ], [ 77.5671144, 12.9185179 ], [ 77.5668324, 12.9174015 ], [ 77.5662497, 12.9175648 ], [ 77.5660054, 12.9160691 ], [ 77.565486, 12.9164775 ], [ 77.5654262, 12.9163368 ], [ 77.5649539, 12.9164815 ], [ 77.5641018, 12.9184402 ], [ 77.5630268, 12.9197065 ], [ 77.5620234, 12.9165441 ], [ 77.5608646, 12.9148976 ], [ 77.5596016, 12.9137559 ], [ 77.5634343, 12.9132123 ], [ 77.5631797, 12.9113368 ], [ 77.5628777, 12.9113476 ], [ 77.56272, 12.9110185 ], [ 77.5624774, 12.9089563 ], [ 77.562155, 12.9087776 ], [ 77.5601191, 12.9098809 ], [ 77.5592873, 12.9090643 ], [ 77.5584575, 12.9086253 ], [ 77.5583315, 12.9107349 ], [ 77.5580969, 12.9104752 ], [ 77.5556508, 12.9110209 ], [ 77.5548895, 12.9095715 ], [ 77.554668, 12.9095285 ], [ 77.5535602, 12.9063253 ], [ 77.5519356, 12.9070391 ], [ 77.5492773, 12.9077663 ], [ 77.5483056, 12.9050891 ], [ 77.5483983, 12.9034496 ], [ 77.5490903, 12.903916 ], [ 77.5490726, 12.9042053 ], [ 77.5503171, 12.9039808 ], [ 77.5502501, 12.9044739 ], [ 77.5508918, 12.9043513 ], [ 77.5510302, 12.9039185 ], [ 77.5514626, 12.9036455 ], [ 77.5524204, 12.903818 ], [ 77.5534322, 12.9033485 ], [ 77.5549633, 12.9034092 ], [ 77.5563469, 12.9029383 ], [ 77.5562275, 12.9025713 ], [ 77.5565117, 12.9025007 ], [ 77.555652, 12.8985644 ], [ 77.5558256, 12.8981934 ], [ 77.5556109, 12.8979742 ], [ 77.5558674, 12.8975538 ], [ 77.5553801, 12.8969487 ], [ 77.5559154, 12.8962761 ], [ 77.5568196, 12.8956969 ], [ 77.5583251, 12.8949944 ], [ 77.558463, 12.8953093 ], [ 77.5589981, 12.8951279 ], [ 77.559115, 12.894334 ], [ 77.559712, 12.894126 ], [ 77.5594734, 12.8920806 ], [ 77.5608237, 12.891372 ], [ 77.5643098, 12.8904005 ], [ 77.5616537, 12.8880402 ], [ 77.5599389, 12.8869401 ], [ 77.5508337, 12.8840803 ], [ 77.552901, 12.8836615 ], [ 77.5573065, 12.8836851 ], [ 77.5568036, 12.8822197 ], [ 77.5567838, 12.8813446 ], [ 77.555668, 12.8783052 ], [ 77.5550835, 12.8778739 ], [ 77.5551277, 12.8760825 ], [ 77.5548198, 12.875197 ], [ 77.5544398, 12.8752917 ], [ 77.5544574, 12.8754948 ], [ 77.552483, 12.8759218 ], [ 77.5515438, 12.8753595 ], [ 77.551659, 12.8765069 ], [ 77.552022, 12.8766118 ], [ 77.5520005, 12.8768119 ], [ 77.5513956, 12.8768189 ], [ 77.5512028, 12.8773233 ], [ 77.5514531, 12.8791978 ], [ 77.5508947, 12.8811231 ], [ 77.5491755, 12.8816345 ], [ 77.549144, 12.8827235 ], [ 77.5482697, 12.8827207 ], [ 77.5483424, 12.8833671 ], [ 77.5477295, 12.8834363 ], [ 77.5477971, 12.8839145 ], [ 77.5476021, 12.8841502 ], [ 77.546898700000014, 12.8845478 ] ], [ [ 77.5054002, 12.9297142 ], [ 77.5075584, 12.929017 ], [ 77.5085124, 12.9291445 ], [ 77.5109274, 12.9289146 ], [ 77.5108871, 12.9324804 ], [ 77.5089632, 12.9331024 ], [ 77.5064622, 12.9312637 ], [ 77.5054002, 12.9297142 ] ] ] } },
{ "type": "Feature", "properties": { "zone_id": "BTM", "n_wards": 6, "source": "wards", "zone_name": "BTM Layout", "zone_type": "residential", "area_km2": 8.5 }, "geometry": { "type": "Polygon", "coordinates": [ [ [ 77.6279735, 12.9065444 ], [ 77.627215, 12.903457 ], [ 77.6265632, 12.9037134 ], [ 77.624658, 12.9031529 ], [ 77.622955800000014, 12.8992598 ], [ 77.6239925, 12.8990518 ], [ 77.6233701, 12.8964404 ], [ 77.623632, 12.8964961 ], [ 77.623464, 12.8952288 ], [ 77.6232677, 12.8948964 ], [ 77.6227078, 12.8949631 ], [ 77.6227042, 12.894014 ], [ 77.62007, 12.8940249 ], [ 77.6205115, 12.8956311 ], [ 77.6211219, 12.8966571 ], [ 77.6214129, 12.8976785 ], [ 77.619703, 12.8982907 ], [ 77.6180663, 12.8979356 ], [ 77.6180549, 12.8989882 ], [ 77.61574490000001, 12.8987128 ], [ 77.6157878, 12.8989928 ], [ 77.615168, 12.8989549 ], [ 77.6149882, 12.8981606 ], [ 77.6134911, 12.8976573 ], [ 77.6135689, 12.8969462 ], [ 77.6140979, 12.8957314 ], [ 77.6145982, 12.8959116 ], [ 77.6144767, 12.8936306 ], [ 77.6141759, 12.892598 ], [ 77.6127521, 12.8928867 ], [ 77.612522, 12.8917969 ], [ 77.6120411, 12.8910507 ], [ 77.6116793, 12.8920674 ], [ 77.6104214, 12.8928346 ], [ 77.6096509, 12.8922141 ], [ 77.6081512, 12.8916222 ], [ 77.6084327, 12.8883505 ], [ 77.6073724, 12.8885079 ], [ 77.6038615, 12.8898404 ], [ 77.603227, 12.88942 ], [ 77.6031621, 12.8888054 ], [ 77.599995, 12.8899913 ], [ 77.5995895, 12.8903188 ], [ 77.598111100000011, 12.8905605 ], [ 77.598825600000012, 12.8924257 ], [ 77.6008968, 12.900029 ], [ 77.6010862, 12.9020429 ], [ 77.6024546, 12.9017876 ], [ 77.6031491, 12.9011109 ], [ 77.6034485, 12.9019355 ], [ 77.6034672, 12.9032437 ], [ 77.605507, 12.9030728 ], [ 77.6056945, 12.9022649 ], [ 77.6059831, 12.9020562 ], [ 77.6072026, 12.9021133 ], [ 77.6086418, 12.9017165 ], [ 77.6087567, 12.9019786 ], [ 77.6090467, 12.9045334 ], [ 77.6093952, 12.9054677 ], [ 77.6083941, 12.9058978 ], [ 77.6062496, 12.9056334 ], [ 77.6038512, 12.9058087 ], [ 77.6040169, 12.9086958 ], [ 77.6002283, 12.9085257 ], [ 77.5998838, 12.9126183 ], [ 77.5998947, 12.9167299 ], [ 77.6001991, 12.9226715 ], [ 77.6048394, 12.9225491 ], [ 77.6050983, 12.9251479 ], [ 77.6058069, 12.9253281 ], [ 77.6060723, 12.9256101 ], [ 77.6069595, 12.9254555 ], [ 77.6068819, 12.9250294 ], [ 77.6085273, 12.9248244 ], [ 77.6087316, 12.9238794 ], [ 77.6084211, 12.923747 ], [ 77.6088996, 12.9227123 ], [ 77.6080493, 12.9200503 ], [ 77.6083681, 12.9198605 ], [ 77.6102913, 12.9197543 ], [ 77.6111266, 12.9215757 ], [ 77.6103194, 12.9223216 ], [ 77.6098651, 12.9234156 ], [ 77.6086922, 12.9251563 ], [ 77.6100866, 12.9322959 ], [ 77.6096084, 12.9348507 ], [ 77.6136543, 12.9317216 ], [ 77.6226437, 12.9172952 ], [ 77.6221816, 12.9163648 ], [ 77.6221457, 12.9144736 ], [ 77.6209057, 12.9136323 ], [ 77.6214551, 12.913209 ], [ 77.6210401, 12.9127045 ], [ 77.6212156, 12.9125208 ], [ 77.6209872, 12.9111662 ], [ 77.6204888, 12.9102712 ], [ 77.6204272, 12.9091569 ], [ 77.6207119, 12.9081234 ], [ 77.62056920000002, 12.9078892 ], [ 77.6213505, 12.9074846 ], [ 77.6228134, 12.9074123 ], [ 77.6234361, 12.9087296 ], [ 77.623802500000011, 12.908753 ], [ 77.6237205, 12.908238 ], [ 77.6239286, 12.9081521 ], [ 77.6278591, 12.9075276 ], [ 77.627818, 12.9066026 ], [ 77.6279735, 12.9065444 ] ] ] } },
{ "type": "Feature", "properties": { "zone_id": "BVG", "n_wards": 10, "source": "wards", "zone_name": "Basavanagudi", "zone_type": "residential", "area_km2": 12.8 }, "geometry": { "type": "Polygon", "coordinates": [ [ [ 77.5796173, 12.9330452 ], [ 77.5797022, 12.9234362 ], [ 77.573589, 12.9235586 ], [ 77.5735613, 12.9210258 ], [ 77.5744021, 12.920838 ], [ 77.5742326, 12.9197442 ], [ 77.573513, 12.9178259 ], [ 77.5735342, 12.9169787 ], [ 77.5728934, 12.9166326 ], [ 77.5704037, 12.9163353 ], [ 77.5699753, 12.9156506 ], [ 77.5695668, 12.9155022 ], [ 77.5687928, 12.9171021 ], [ 77.5686652, 12.9179651 ], [ 77.5705263, 12.9248299 ], [ 77.5703089, 12.9258067 ], [ 77.5692739, 12.9265374 ], [ 77.5694036, 12.9270657 ], [ 77.5690011, 12.9272154 ], [ 77.5693058, 12.9299408 ], [ 77.5666763, 12.9299486 ], [ 77.5636867, 12.9304975 ], [ 77.5639747, 12.9324269 ], [ 77.562702, 12.9331114 ], [ 77.5622203, 12.9342511 ], [ 77.560661, 12.9348367 ], [ 77.560693200000017, 12.9352305 ], [ 77.5598471, 12.9361894 ], [ 77.5598197, 12.9357597 ], [ 77.5579293, 12.9360685 ], [ 77.5578719, 12.935745 ], [ 77.5569426, 12.9359009 ], [ 77.556823, 12.9350686 ], [ 77.5557157, 12.9351563 ], [ 77.5556576, 12.9349931 ], [ 77.5535736, 12.9359542 ], [ 77.5536991, 12.9362353 ], [ 77.5543411, 12.9359625 ], [ 77.5550138, 12.9384235 ], [ 77.5554106, 12.9383812 ], [ 77.5555712, 12.9396174 ], [ 77.5558311, 12.9395923 ], [ 77.5560886, 12.9417535 ], [ 77.554688, 12.9418158 ], [ 77.5545556, 12.9426043 ], [ 77.5553829, 12.9427802 ], [ 77.5552066, 12.9442309 ], [ 77.5556954, 12.9442909 ], [ 77.5557105, 12.9453824 ], [ 77.5562194, 12.945374 ], [ 77.5562798, 12.9459979 ], [ 77.5515835, 12.9520712 ], [ 77.5491233, 12.9523482 ], [ 77.5493462, 12.9547312 ], [ 77.549581500000016, 12.9547108 ], [ 77.5484052, 12.9565688 ], [ 77.5512022, 12.9570869 ], [ 77.5544881, 12.958184 ], [ 77.5549019, 12.9569579 ], [ 77.5556293, 12.9571835 ], [ 77.5557573, 12.9584313 ], [ 77.5592193, 12.9594024 ], [ 77.5592943, 12.9568821 ], [ 77.5574468, 12.9554495 ], [ 77.5565335, 12.9532604 ], [ 77.5584822, 12.9531317 ], [ 77.5598114, 12.9536799 ], [ 77.5612017, 12.9533421 ], [ 77.5622196, 12.9533976 ], [ 77.563429, 12.9539459 ], [ 77.5633548, 12.9569867 ], [ 77.5733794, 12.9572729 ], [ 77.5737395, 12.9575822 ], [ 77.5745144, 12.9597733 ], [ 77.5784005, 12.9586936 ], [ 77.57926, 12.9590261 ], [ 77.580129700000015, 12.9589407 ], [ 77.5821616, 12.9577303 ], [ 77.583530200000013, 12.9603152 ], [ 77.5853044, 12.9594044 ], [ 77.5891125, 12.9583202 ], [ 77.5899572, 12.9608242 ], [ 77.5907038, 12.9605963 ], [ 77.5911682, 12.9625815 ], [ 77.5935154, 12.9621798 ], [ 77.5948186, 12.9623317 ], [ 77.5945161, 12.9620219 ], [ 77.5922113, 12.9560076 ], [ 77.5890166, 12.9569417 ], [ 77.5883267, 12.9548097 ], [ 77.5913989, 12.9538294 ], [ 77.5905542, 12.9515318 ], [ 77.5917691, 12.951042 ], [ 77.592906, 12.9499782 ], [ 77.5941676, 12.9474349 ], [ 77.5932451, 12.9468681 ], [ 77.5930924, 12.9466246 ], [ 77.5934585, 12.9464007 ], [ 77.592872, 12.9455003 ], [ 77.5929346, 12.9452337 ], [ 77.5925315, 12.945493 ], [ 77.5921497, 12.9443132 ], [ 77.5914381, 12.9443176 ], [ 77.5910568, 12.9434874 ], [ 77.591317, 12.9433536 ], [ 77.5908594, 12.9426287 ], [ 77.591262700000016, 12.9424373 ], [ 77.591217700000016, 12.9421475 ], [ 77.5934444, 12.9415279 ], [ 77.592543400000011, 12.9404641 ], [ 77.5927, 12.9362051 ], [ 77.5910419, 12.9366699 ], [ 77.5905562, 12.9361281 ], [ 77.5901161, 12.9363211 ], [ 77.5899367, 12.9354996 ], [ 77.5891345, 12.9358114 ], [ 77.5877486, 12.9351656 ], [ 77.586272, 12.9363988 ], [ 77.5849089, 12.9366325 ], [ 77.5848613, 12.9328995 ], [ 77.5796173, 12.9330452 ] ] ] } },
{ "type": "Feature", "properties": { "zone_id": "CBD", "n_wards": 12, "source": "wards", "zone_name": "CBD (MG Road)", "zone_type": "office", "area_km2": 23.7 }, "geometry": { "type": "Polygon", "coordinates": [ [ [ 77.6056902, 12.950116 ], [ 77.60345580000002, 12.9505517 ], [ 77.6002365, 12.9497752 ], [ 77.5922256, 12.9560459 ], [ 77.5945161, 12.9620219 ], [ 77.5948186, 12.9623317 ], [ 77.5935154, 12.9621798 ], [ 77.589802, 12.9628582 ], [ 77.5867349, 12.9655109 ], [ 77.5866235, 12.9657684 ], [ 77.5874398, 12.9668117 ], [ 77.5851448, 12.9678667 ], [ 77.5843619, 12.9687045 ], [ 77.5844515, 12.9703558 ], [ 77.5826741, 12.9720312 ], [ 77.5810865, 12.9730667 ], [ 77.5844508, 12.9779289 ], [ 77.5810946, 12.9800988 ], [ 77.577249200000011, 12.9806723 ], [ 77.5767073, 12.9813383 ], [ 77.576583, 12.9820657 ], [ 77.5769501, 12.9831575 ], [ 77.577588, 12.9836548 ], [ 77.5747918, 12.9841365 ], [ 77.5760976, 12.9853026 ], [ 77.579896, 12.9909871 ], [ 77.5775712, 12.9917363 ], [ 77.5779508, 12.9920894 ], [ 77.5771079, 12.9936573 ], [ 77.5792316, 12.9954555 ], [ 77.5816038, 12.9980576 ], [ 77.5829981, 12.9992509 ], [ 77.5841864, 12.9994627 ], [ 77.5843613, 12.9978269 ], [ 77.5865518, 12.9975047 ], [ 77.589491, 12.9957013 ], [ 77.5896795, 12.995329 ], [ 77.5941756, 12.9954625 ], [ 77.5961034, 12.99469 ], [ 77.5962538, 12.9949742 ], [ 77.595659, 12.9977469 ], [ 77.5932629, 13.0056545 ], [ 77.5940863, 13.0072013 ], [ 77.5947524, 13.009233 ], [ 77.5949894, 13.0091007 ], [ 77.5957681, 13.0112171 ], [ 77.6052368, 13.0066694 ], [ 77.605124, 13.0064079 ], [ 77.6074084, 13.005245 ], [ 77.6064153, 13.0034459 ], [ 77.6109001, 13.0018899 ], [ 77.6111913, 13.0020868 ], [ 77.6120996, 13.0018947 ], [ 77.6124435, 13.0063113 ], [ 77.6127321, 13.0074196 ], [ 77.6131957, 13.0084098 ], [ 77.6153416, 13.0107585 ], [ 77.6185722, 13.0094024 ], [ 77.6190807, 13.0089094 ], [ 77.6201329, 13.0090941 ], [ 77.6209485, 13.0096607 ], [ 77.6217917, 13.0086923 ], [ 77.6226578, 13.0082669 ], [ 77.6206098, 13.0057072 ], [ 77.6195461, 13.0037677 ], [ 77.6196761, 13.0031509 ], [ 77.6207331, 13.002317 ], [ 77.6202948, 13.001095 ], [ 77.620303, 13.0001204 ], [ 77.6194128, 12.99941 ], [ 77.6189765, 12.9987696 ], [ 77.6179362, 12.9982844 ], [ 77.6167804, 12.9957495 ], [ 77.6175986, 12.9950897 ], [ 77.6193583, 12.991692 ], [ 77.6195544, 12.9898583 ], [ 77.6193066, 12.9872025 ], [ 77.6225465, 12.9876916 ], [ 77.6224934, 12.9841146 ], [ 77.6229285, 12.9817399 ], [ 77.6245577, 12.9818917 ], [ 77.6243124, 12.9809015 ], [ 77.6255748, 12.9807668 ], [ 77.6255016, 12.9803215 ], [ 77.6258793, 12.9802646 ], [ 77.6256943, 12.9794816 ], [ 77.6264404, 12.9794142 ], [ 77.6262944, 12.9786693 ], [ 77.6284956, 12.9781321 ], [ 77.627322, 12.9774585 ], [ 77.6266357, 12.9761916 ], [ 77.6245739, 12.9746032 ], [ 77.621634, 12.9728272 ], [ 77.6198972, 12.9727419 ], [ 77.6193228, 12.9724789 ], [ 77.6195267, 12.9722171 ], [ 77.6199663, 12.9682286 ], [ 77.62052, 12.9666726 ], [ 77.6196215, 12.965488 ], [ 77.6176715, 12.9653224 ], [ 77.6203155, 12.9591322 ], [ 77.6211528, 12.9578296 ], [ 77.6209862, 12.9561161 ], [ 77.6243701, 12.9541169 ], [ 77.6258049, 12.9521556 ], [ 77.6203276, 12.9531921 ], [ 77.6202074, 12.9523227 ], [ 77.6168123, 12.9540067 ], [ 77.6165618, 12.952182 ], [ 77.6171054, 12.9521405 ], [ 77.6169456, 12.9506539 ], [ 77.6153473, 12.9508371 ], [ 77.6115533, 12.9497957 ], [ 77.6116149, 12.9492447 ], [ 77.6110368, 12.9489659 ], [ 77.6057917, 12.9497977 ], [ 77.6056902, 12.950116 ] ] ] } },
{ "type": "Feature", "properties": { "zone_id": "ECY", "n_wards": 2, "source": "wards", "zone_name": "Electronic City", "zone_type": "office", "area_km2": 12.0 }, "geometry": { "type": "Polygon", "coordinates": [ [ [ 77.632341, 12.8611368 ], [ 77.6286821, 12.8665505 ], [ 77.6275371, 12.8694496 ], [ 77.6251723, 12.8734698 ], [ 77.6240129, 12.8733181 ], [ 77.6236568, 12.8735552 ], [ 77.6239995, 12.8738734 ], [ 77.6242793, 12.8758186 ], [ 77.624787, 12.8758767 ], [ 77.624718, 12.8772631 ], [ 77.6257541, 12.8770642 ], [ 77.6255218, 12.8778524 ], [ 77.6247008, 12.8784332 ], [ 77.6244872, 12.8798119 ], [ 77.6245817, 12.8809233 ], [ 77.6233209, 12.8812736 ], [ 77.6234311, 12.8824029 ], [ 77.6229946, 12.8830408 ], [ 77.6221021, 12.8836143 ], [ 77.6217781, 12.8851026 ], [ 77.62189570000001, 12.8862894 ], [ 77.6186567, 12.8864675 ], [ 77.6191945, 12.8880386 ], [ 77.6199036, 12.8888739 ], [ 77.621376500000011, 12.8886029 ], [ 77.6214707, 12.888856 ], [ 77.6236581, 12.8885619 ], [ 77.6255563, 12.8885632 ], [ 77.6255372, 12.8883929 ], [ 77.6285764, 12.8880879 ], [ 77.6286092, 12.8901327 ], [ 77.6292494, 12.8908626 ], [ 77.6294342, 12.8917551 ], [ 77.6298709, 12.8920669 ], [ 77.6302154, 12.8927647 ], [ 77.6328005, 12.892407 ], [ 77.632874, 12.8894095 ], [ 77.6314742, 12.8892554 ], [ 77.6314953, 12.8886136 ], [ 77.6323308, 12.8860979 ], [ 77.6351953, 12.8863816 ], [ 77.6349459, 12.887763 ], [ 77.6351739, 12.8878206 ], [ 77.636838700000013, 12.8863741 ], [ 77.6383075, 12.8857676 ], [ 77.6382111, 12.8854174 ], [ 77.6389285, 12.8852182 ], [ 77.6382542, 12.8836978 ], [ 77.637555600000013, 12.8837003 ], [ 77.6369592, 12.8799576 ], [ 77.6396971, 12.8760205 ], [ 77.6401566, 12.874438 ], [ 77.6400407, 12.8735439 ], [ 77.6402427, 12.8724985 ], [ 77.6410471, 12.8719901 ], [ 77.6424623, 12.8716133 ], [ 77.6488387, 12.8703819 ], [ 77.6506289, 12.8704043 ], [ 77.6531901, 12.8695355 ], [ 77.6554828, 12.8697471 ], [ 77.6554473, 12.8690575 ], [ 77.6559561, 12.8690061 ], [ 77.6566445, 12.8690172 ], [ 77.6566447, 12.8695784 ], [ 77.657123, 12.869586 ], [ 77.657139, 12.8689737 ], [ 77.6576696, 12.8689808 ], [ 77.6576854, 12.8710743 ], [ 77.6570561, 12.8712658 ], [ 77.6554857, 12.872865 ], [ 77.6539865, 12.8735701 ], [ 77.6546194, 12.8755839 ], [ 77.6549307, 12.8803801 ], [ 77.6556506, 12.8831045 ], [ 77.6564952, 12.8849411 ], [ 77.6605343, 12.8841841 ], [ 77.6624923, 12.8844646 ], [ 77.6659284, 12.8842173 ], [ 77.6681813, 12.8835925 ], [ 77.6678207, 12.8855757 ], [ 77.673753, 12.8843701 ], [ 77.6743413, 12.8838333 ], [ 77.6740288, 12.8798232 ], [ 77.6710412, 12.8803009 ], [ 77.6724737, 12.8784569 ], [ 77.6732434, 12.8780493 ], [ 77.674577, 12.8753538 ], [ 77.6753249, 12.8725787 ], [ 77.672812, 12.8693073 ], [ 77.6728926, 12.8682523 ], [ 77.6711449, 12.8678139 ], [ 77.667821, 12.8664068 ], [ 77.666719, 12.8662118 ], [ 77.6653651, 12.864204 ], [ 77.6645764, 12.862428 ], [ 77.6641296, 12.8625293 ], [ 77.6638374, 12.8619191 ], [ 77.6637177, 12.860783 ], [ 77.6632717, 12.8603592 ], [ 77.6612808, 12.8586709 ], [ 77.659307, 12.858618 ], [ 77.657502500000021, 12.8581624 ], [ 77.6575507, 12.8571971 ], [ 77.6563816, 12.8569978 ], [ 77.6564431, 12.8565037 ], [ 77.6557541, 12.8563774 ], [ 77.6558485, 12.855717 ], [ 77.6555092, 12.8555251 ], [ 77.6552842, 12.8562331 ], [ 77.6549131, 12.8561883 ], [ 77.6544336, 12.855839 ], [ 77.6532134, 12.855663 ], [ 77.6531351, 12.8553455 ], [ 77.6526036, 12.8549673 ], [ 77.6503436, 12.8543939 ], [ 77.6503939, 12.8538739 ], [ 77.6499495, 12.8536887 ], [ 77.6502778, 12.8521835 ], [ 77.649795, 12.8522414 ], [ 77.6496192, 12.8529275 ], [ 77.6492151, 12.852752 ], [ 77.6493122, 12.8521345 ], [ 77.6477268, 12.851858 ], [ 77.6475945, 12.852354 ], [ 77.6461705, 12.8520984 ], [ 77.6461451, 12.851874 ], [ 77.6457537, 12.8516984 ], [ 77.645596, 12.8519687 ], [ 77.6449055, 12.8517532 ], [ 77.6449097, 12.8521563 ], [ 77.6430725, 12.8511537 ], [ 77.6430494, 12.8594867 ], [ 77.6420941, 12.862226 ], [ 77.6419228, 12.8635879 ], [ 77.6417025, 12.8636797 ], [ 77.6412589, 12.8649709 ], [ 77.6388361, 12.8649059 ], [ 77.6385308, 12.8633188 ], [ 77.6373028, 12.8627903 ], [ 77.6353242, 12.8629601 ], [ 77.6347375, 12.8626573 ], [ 77.6342422, 12.8620548 ], [ 77.6343467, 12.86179 ], [ 77.632341, 12.8611368 ] ], [ [ 77.6558096, 12.8588567 ], [ 77.6555443, 12.8589868 ], [ 77.655068861591431, 12.859219888525301 ], [ 77.6558096, 12.8588567 ] ] ] } },
{ "type": "Feature", "properties": { "zone_id": "HEB", "n_wards": 15, "source": "wards", "zone_name": "Hebbal", "zone_type": "mixed", "area_km2": 23.5 }, "geometry": { "type": "Polygon", "coordinates": [ [ [ 77.592471, 13.0203748 ], [ 77.5910658, 13.0205799 ], [ 77.5908077, 13.0190994 ], [ 77.5897533, 13.0172456 ], [ 77.5878201, 13.0179131 ], [ 77.5877416, 13.0184469 ], [ 77.5870319, 13.0189227 ], [ 77.585556, 13.0186483 ], [ 77.5839284, 13.019298 ], [ 77.5840251, 13.0206748 ], [ 77.5846552, 13.0229125 ], [ 77.5827373, 13.024551 ], [ 77.5812791, 13.0252149 ], [ 77.5801045, 13.0265106 ], [ 77.5777266, 13.0268877 ], [ 77.57768440000001, 13.0272586 ], [ 77.5712515, 13.028462 ], [ 77.5701101, 13.031702 ], [ 77.5694766, 13.032876 ], [ 77.5621118, 13.0419756 ], [ 77.5705391, 13.0567981 ], [ 77.5695963, 13.0577144 ], [ 77.5693053, 13.0592605 ], [ 77.567782, 13.0598166 ], [ 77.5676049, 13.0601944 ], [ 77.5665549, 13.0609823 ], [ 77.5674945, 13.0626491 ], [ 77.5710128, 13.063142 ], [ 77.5714502, 13.0638287 ], [ 77.5718897, 13.063673 ], [ 77.5741639, 13.0618074 ], [ 77.5813185, 13.0665671 ], [ 77.591216500000016, 13.0591694 ], [ 77.5934482, 13.0584288 ], [ 77.5934702, 13.055908 ], [ 77.5972191, 13.055421 ], [ 77.5975059, 13.0557535 ], [ 77.5982633, 13.0557515 ], [ 77.5994632, 13.0551669 ], [ 77.5993165, 13.054746 ], [ 77.6022811, 13.0539957 ], [ 77.6068145, 13.0523702 ], [ 77.6073132, 13.0515385 ], [ 77.608436800000021, 13.0508801 ], [ 77.6102821, 13.0503353 ], [ 77.6104265, 13.0497184 ], [ 77.6118024, 13.0494436 ], [ 77.6122215, 13.0478381 ], [ 77.6114038, 13.0470219 ], [ 77.6113826, 13.0467093 ], [ 77.6120406, 13.0458569 ], [ 77.6124742, 13.0437701 ], [ 77.6136086, 13.0421675 ], [ 77.612001, 13.042527 ], [ 77.6113553, 13.0399916 ], [ 77.6102792, 13.0382057 ], [ 77.6107722, 13.0361252 ], [ 77.6115585, 13.0341139 ], [ 77.615759, 13.0287967 ], [ 77.6161607, 13.0279999 ], [ 77.6158274, 13.0275233 ], [ 77.6136903, 13.0259221 ], [ 77.6131587, 13.0250421 ], [ 77.6125417, 13.0235306 ], [ 77.6127575, 13.0203902 ], [ 77.6138167, 13.020192 ], [ 77.6140743, 13.0206513 ], [ 77.614549400000016, 13.020817 ], [ 77.6154291, 13.0205202 ], [ 77.6173745, 13.0203707 ], [ 77.6178533, 13.0211112 ], [ 77.6191101, 13.021304 ], [ 77.6190104, 13.020571 ], [ 77.6221205, 13.0202482 ], [ 77.621931900000021, 13.0192879 ], [ 77.6225702, 13.0192002 ], [ 77.6223804, 13.0180152 ], [ 77.6232772, 13.0177844 ], [ 77.620704, 13.0114937 ], [ 77.6206546, 13.0105773 ], [ 77.6209485, 13.0096607 ], [ 77.6201329, 13.0090941 ], [ 77.6190807, 13.0089094 ], [ 77.6185722, 13.0094024 ], [ 77.6153416, 13.0107585 ], [ 77.6131957, 13.0084098 ], [ 77.6127321, 13.0074196 ], [ 77.6124435, 13.0063113 ], [ 77.6120996, 13.0018947 ], [ 77.6111913, 13.0020868 ], [ 77.6109001, 13.0018899 ], [ 77.6074135, 13.0030384 ], [ 77.6064153, 13.0034459 ], [ 77.6074084, 13.005245 ], [ 77.605124, 13.0064079 ], [ 77.6052368, 13.0066694 ], [ 77.5953914, 13.0113824 ], [ 77.5958515, 13.012646 ], [ 77.5976447, 13.01558 ], [ 77.5976801, 13.0162154 ], [ 77.5984606, 13.0178914 ], [ 77.5997407, 13.0197147 ], [ 77.6003624, 13.0213482 ], [ 77.6009439, 13.0229923 ], [ 77.5999041, 13.0235098 ], [ 77.6004531, 13.0247442 ], [ 77.6004313, 13.0255767 ], [ 77.5981236, 13.0254497 ], [ 77.5980328, 13.0249164 ], [ 77.5971132, 13.0249742 ], [ 77.5968334, 13.0234344 ], [ 77.5962587, 13.0236005 ], [ 77.5961575, 13.0232266 ], [ 77.594532, 13.0236867 ], [ 77.5936326, 13.0204332 ], [ 77.5944262, 13.0202186 ], [ 77.593944300000018, 13.0187384 ], [ 77.5947741, 13.0185178 ], [ 77.5945478, 13.0177973 ], [ 77.595013, 13.0173985 ], [ 77.5951154, 13.0166691 ], [ 77.5948267, 13.0165941 ], [ 77.5946041, 13.0159006 ], [ 77.5928376, 13.0158077 ], [ 77.5926305, 13.0150565 ], [ 77.5915171, 13.0155284 ], [ 77.5914364, 13.0157449 ], [ 77.5923533, 13.019136 ], [ 77.592471, 13.0203748 ] ], [ [ 77.5800852, 13.026539 ], [ 77.5800584, 13.0265783 ], [ 77.5798748, 13.0268471 ], [ 77.5800852, 13.026539 ] ] ] } },
{ "type": "Feature", "properties": { "zone_id": "HSR", "n_wards": 7, "source": "wards", "zone_name": "HSR Layout", "zone_type": "restaurant_cluster", "area_km2": 18.3 }, "geometry": { "type": "Polygon", "coordinates": [ [ [ 77.6723281, 12.88465 ], [ 77.6678207, 12.8855757 ], [ 77.6681813, 12.8835925 ], [ 77.6659284, 12.8842173 ], [ 77.6624923, 12.8844646 ], [ 77.6605343, 12.8841841 ], [ 77.6564952, 12.8849411 ], [ 77.6556506, 12.8831045 ], [ 77.6549307, 12.8803801 ], [ 77.6546194, 12.8755839 ], [ 77.6539868, 12.8735464 ], [ 77.6554857, 12.872865 ], [ 77.6570561, 12.8712658 ], [ 77.6576684, 12.871106 ], [ 77.6576696, 12.8689808 ], [ 77.657139, 12.8689737 ], [ 77.657123, 12.869586 ], [ 77.6566447, 12.8695784 ], [ 77.6566445, 12.8690172 ], [ 77.6554473, 12.8690575 ], [ 77.6554828, 12.8697471 ], [ 77.6531901, 12.8695355 ], [ 77.6506289, 12.8704043 ], [ 77.6489287, 12.8703699 ], [ 77.6475546, 12.8705998 ], [ 77.6424623, 12.8716133 ], [ 77.6405937, 12.8722239 ], [ 77.6402427, 12.8724985 ], [ 77.6401001, 12.8730668 ], [ 77.6401566, 12.874438 ], [ 77.6396971, 12.8760205 ], [ 77.6369592, 12.8799576 ], [ 77.637555600000013, 12.8837003 ], [ 77.6382542, 12.8836978 ], [ 77.6389285, 12.8852182 ], [ 77.6382111, 12.8854174 ], [ 77.6383075, 12.8857676 ], [ 77.636838700000013, 12.8863741 ], [ 77.635396, 12.8877585 ], [ 77.6350299, 12.887813 ], [ 77.6346551, 12.8875675 ], [ 77.6345393, 12.8882821 ], [ 77.6350147, 12.8885076 ], [ 77.6341658, 12.8901886 ], [ 77.6347865, 12.8901615 ], [ 77.6348955, 12.8913038 ], [ 77.6353327, 12.8912858 ], [ 77.6355095, 12.8923952 ], [ 77.6350841, 12.8924921 ], [ 77.6350615, 12.8932501 ], [ 77.6329076, 12.8937822 ], [ 77.6318022, 12.8937322 ], [ 77.629217, 12.8943196 ], [ 77.6257844, 12.8944907 ], [ 77.6232677, 12.8948964 ], [ 77.623632, 12.8964961 ], [ 77.6233701, 12.8964404 ], [ 77.6239925, 12.8990518 ], [ 77.622955800000014, 12.8992598 ], [ 77.624658, 12.9031529 ], [ 77.6265632, 12.9037134 ], [ 77.627215, 12.903457 ], [ 77.6279735, 12.9065444 ], [ 77.627818, 12.9066026 ], [ 77.6278591, 12.9075276 ], [ 77.6239286, 12.9081521 ], [ 77.6237205, 12.908238 ], [ 77.623802500000011, 12.908753 ], [ 77.6234361, 12.9087296 ], [ 77.6228134, 12.9074123 ], [ 77.6213505, 12.9074846 ], [ 77.62056920000002, 12.9078892 ], [ 77.6207119, 12.9081234 ], [ 77.6204272, 12.9091569 ], [ 77.6204888, 12.9102712 ], [ 77.6209872, 12.9111662 ], [ 77.6212156, 12.9125208 ], [ 77.6210401, 12.9127045 ], [ 77.6214551, 12.913209 ], [ 77.6209057, 12.9136323 ], [ 77.6221457, 12.9144736 ], [ 77.6221816, 12.9163648 ], [ 77.6226339, 12.9172919 ], [ 77.625640600000011, 12.9176456 ], [ 77.6285064, 12.9168037 ], [ 77.6381704, 12.9159485 ], [ 77.6384484, 12.9203871 ], [ 77.6399248, 12.9238266 ], [ 77.6413746, 12.9233783 ], [ 77.6448934, 12.9244166 ], [ 77.6491927, 12.9246948 ], [ 77.6517377, 12.9242206 ], [ 77.6514928, 12.9230001 ], [ 77.6515013, 12.9211842 ], [ 77.6535999, 12.9209619 ], [ 77.6536118, 12.9204513 ], [ 77.654664, 12.9204497 ], [ 77.6603541, 12.9163445 ], [ 77.6619953, 12.9182611 ], [ 77.6622162, 12.9187907 ], [ 77.6627897, 12.921198 ], [ 77.6611605, 12.9216122 ], [ 77.662472, 12.9261417 ], [ 77.6632654, 12.9276321 ], [ 77.6632856, 12.9282293 ], [ 77.663763, 12.9280381 ], [ 77.6649326, 12.9281368 ], [ 77.6658552, 12.9303508 ], [ 77.6664015, 12.9310059 ], [ 77.6680348, 12.9312432 ], [ 77.667691, 12.9287929 ], [ 77.6684586, 12.9287083 ], [ 77.6688985, 12.9271511 ], [ 77.6687731, 12.9233164 ], [ 77.6682024, 12.9232364 ], [ 77.6677932, 12.9215636 ], [ 77.666618600000021, 12.9209817 ], [ 77.6651817, 12.9210697 ], [ 77.6621064, 12.9175553 ], [ 77.6613917, 12.9155661 ], [ 77.6604184, 12.9149696 ], [ 77.6608539, 12.9136948 ], [ 77.6600859, 12.9110692 ], [ 77.6601341, 12.9101292 ], [ 77.6589298, 12.9095712 ], [ 77.6570886, 12.9096836 ], [ 77.6565743, 12.9091717 ], [ 77.6545405, 12.9017845 ], [ 77.6546215, 12.9007215 ], [ 77.6567298, 12.9003892 ], [ 77.656784400000021, 12.8987574 ], [ 77.6562292, 12.8976218 ], [ 77.655607, 12.8977968 ], [ 77.655475, 12.8968968 ], [ 77.6548015, 12.8970128 ], [ 77.6543883, 12.8965439 ], [ 77.6538966, 12.8956874 ], [ 77.6537857, 12.8945548 ], [ 77.6559241, 12.8938668 ], [ 77.6602187, 12.8947887 ], [ 77.6654301, 12.8942331 ], [ 77.6738291, 12.8929006 ], [ 77.6725386, 12.8865902 ], [ 77.6723281, 12.88465 ] ], [ [ 77.6514993, 12.920999 ], [ 77.6515006, 12.9211574 ], [ 77.6515005, 12.9211466 ], [ 77.6514993, 12.920999 ] ] ] } },
{ "type": "Feature", "properties": { "zone_id": "IND", "n_wards": 15, "source": "wards", "zone_name": "Indiranagar", "zone_type": "restaurant_cluster", "area_km2": 31.7 }, "geometry": { "type": "Polygon", "coordinates": [ [ [ 77.6407726, 12.9532939 ], [ 77.6397392, 12.9515337 ], [ 77.6365435, 12.9553604 ], [ 77.6360845, 12.9563226 ], [ 77.6363757, 12.9563219 ], [ 77.6347162, 12.9611517 ], [ 77.6343105, 12.9616276 ], [ 77.6320019, 12.9611728 ], [ 77.6284983, 12.9622459 ], [ 77.6263714, 12.9634924 ], [ 77.6249684, 12.9661083 ], [ 77.6263182, 12.9654205 ], [ 77.6265219, 12.9657403 ], [ 77.6264352, 12.9701509 ], [ 77.6254922, 12.9721276 ], [ 77.6237435, 12.9711244 ], [ 77.6222891, 12.9732196 ], [ 77.6259732, 12.9755557 ], [ 77.6266357, 12.9761916 ], [ 77.6272121, 12.9773534 ], [ 77.6284956, 12.9781321 ], [ 77.6262944, 12.9786693 ], [ 77.6264404, 12.9794142 ], [ 77.6256943, 12.9794816 ], [ 77.6258793, 12.9802646 ], [ 77.6255016, 12.9803215 ], [ 77.6255748, 12.9807668 ], [ 77.6243124, 12.9809015 ], [ 77.6245577, 12.9818917 ], [ 77.6229285, 12.9817399 ], [ 77.6224934, 12.9841146 ], [ 77.6225465, 12.9876916 ], [ 77.6193066, 12.9872025 ], [ 77.6195544, 12.9898583 ], [ 77.6193583, 12.991692 ], [ 77.6175986, 12.9950897 ], [ 77.6167804, 12.9957495 ], [ 77.6179362, 12.9982844 ], [ 77.6189765, 12.9987696 ], [ 77.6194128, 12.99941 ], [ 77.620303, 13.0001204 ], [ 77.6202948, 13.001095 ], [ 77.6207331, 13.002317 ], [ 77.6196761, 13.0031509 ], [ 77.6195461, 13.0037677 ], [ 77.6206098, 13.0057072 ], [ 77.6226578, 13.0082669 ], [ 77.6217917, 13.0086923 ], [ 77.6211472, 13.0093346 ], [ 77.6206546, 13.0105773 ], [ 77.620704, 13.0114937 ], [ 77.6215399, 13.0134706 ], [ 77.6241482, 13.0125529 ], [ 77.6240732, 13.0123156 ], [ 77.625486, 13.0118011 ], [ 77.6256424, 13.0120722 ], [ 77.6271209, 13.0117211 ], [ 77.6270684, 13.0113661 ], [ 77.6289475, 13.011009 ], [ 77.6288141, 13.0104134 ], [ 77.6297199, 13.0103037 ], [ 77.630821, 13.0095585 ], [ 77.6315177, 13.0102511 ], [ 77.631949, 13.009713 ], [ 77.6325772, 13.0098264 ], [ 77.6324965, 13.0091033 ], [ 77.6354224, 13.0093368 ], [ 77.6351359, 13.0111103 ], [ 77.6357645, 13.0144104 ], [ 77.6393562, 13.0140024 ], [ 77.6394641, 13.0127162 ], [ 77.640383, 13.0127588 ], [ 77.6404064, 13.0124152 ], [ 77.6412492, 13.0124304 ], [ 77.641417, 13.0116409 ], [ 77.6427623, 13.0118837 ], [ 77.642434, 13.0137802 ], [ 77.6427698, 13.0152549 ], [ 77.6447833, 13.0149865 ], [ 77.6452066, 13.0234718 ], [ 77.6619359, 13.0162039 ], [ 77.6625689, 13.0081934 ], [ 77.6631888, 13.0045565 ], [ 77.663592, 12.9982592 ], [ 77.6640703, 12.9974841 ], [ 77.6627907, 12.9967599 ], [ 77.6655319, 12.9923831 ], [ 77.666907, 12.9910534 ], [ 77.6683637, 12.9901949 ], [ 77.6676288, 12.989526 ], [ 77.6674101, 12.9886712 ], [ 77.667526, 12.9859373 ], [ 77.6678167, 12.9858744 ], [ 77.6679732, 12.9854911 ], [ 77.669479800000019, 12.9861216 ], [ 77.6717122, 12.9858784 ], [ 77.6729329, 12.9863695 ], [ 77.6749244, 12.9863682 ], [ 77.678591, 12.984081 ], [ 77.6798418, 12.9835679 ], [ 77.6804387, 12.9827555 ], [ 77.6795054, 12.9790466 ], [ 77.6792989, 12.9761624 ], [ 77.6781162, 12.972709 ], [ 77.6744907, 12.9734882 ], [ 77.6688466, 12.9754026 ], [ 77.6673141, 12.9755742 ], [ 77.6665159, 12.9753328 ], [ 77.666611, 12.9744251 ], [ 77.6669136, 12.9743011 ], [ 77.6666609, 12.9730085 ], [ 77.6669648, 12.9726181 ], [ 77.6665726, 12.9724504 ], [ 77.6665123, 12.9719203 ], [ 77.6661578, 12.9714463 ], [ 77.6655311, 12.9715781 ], [ 77.6653353, 12.9718443 ], [ 77.6630574, 12.9715379 ], [ 77.6615663, 12.9719789 ], [ 77.6615182, 12.9716203 ], [ 77.6586372, 12.9714533 ], [ 77.6587347, 12.9712535 ], [ 77.6577024, 12.9707119 ], [ 77.6572738, 12.9682443 ], [ 77.6579517, 12.9681651 ], [ 77.658492, 12.9674335 ], [ 77.658461300000013, 12.9671922 ], [ 77.6616454, 12.9668039 ], [ 77.6619648, 12.966306 ], [ 77.6615588, 12.9655321 ], [ 77.6610686, 12.9654525 ], [ 77.661, 12.9651776 ], [ 77.6605458, 12.9649621 ], [ 77.6607957, 12.9648534 ], [ 77.661087, 12.9641537 ], [ 77.6617912, 12.9642718 ], [ 77.6617076, 12.9629018 ], [ 77.661446700000013, 12.9621365 ], [ 77.6609472, 12.9622117 ], [ 77.6608204, 12.9616066 ], [ 77.6599676, 12.9616887 ], [ 77.6597734, 12.9610255 ], [ 77.6601638, 12.9608702 ], [ 77.6597907, 12.9602168 ], [ 77.6596645, 12.9590618 ], [ 77.6611442, 12.9592431 ], [ 77.663582, 12.9588919 ], [ 77.6630292, 12.9568276 ], [ 77.6633698, 12.955722 ], [ 77.6609133, 12.9556658 ], [ 77.6608474, 12.9554192 ], [ 77.6618177, 12.9553934 ], [ 77.6617762, 12.9549546 ], [ 77.6624002, 12.9547845 ], [ 77.6623679, 12.9542371 ], [ 77.6609918, 12.954328 ], [ 77.6609832, 12.9528691 ], [ 77.658729, 12.9529362 ], [ 77.652524, 12.9525229 ], [ 77.652298, 12.9518375 ], [ 77.6505421, 12.950638 ], [ 77.649255, 12.9490724 ], [ 77.649051, 12.9479023 ], [ 77.6493744, 12.947401 ], [ 77.6490253, 12.9460134 ], [ 77.6477733, 12.9471678 ], [ 77.6465326, 12.947867 ], [ 77.6454026, 12.9494007 ], [ 77.6444986, 12.9517226 ], [ 77.6442537, 12.9533342 ], [ 77.6420731, 12.9539436 ], [ 77.6407726, 12.9532939 ] ] ] } },
{ "type": "Feature", "properties": { "zone_id": "JAY", "n_wards": 5, "source": "wards", "zone_name": "Jayanagar", "zone_type": "residential", "area_km2": 7.0 }, "geometry": { "type": "Polygon", "coordinates": [ [ [ 77.6050983, 12.9251479 ], [ 77.6048394, 12.9225491 ], [ 77.6001991, 12.9226715 ], [ 77.600107, 12.9205008 ], [ 77.5934138, 12.9205188 ], [ 77.5934242, 12.9215836 ], [ 77.585872, 12.9216597 ], [ 77.5858963, 12.9232913 ], [ 77.5797023, 12.9234418 ], [ 77.5796173, 12.9330452 ], [ 77.5848613, 12.9328995 ], [ 77.5849089, 12.9366325 ], [ 77.586272, 12.9363988 ], [ 77.5877486, 12.9351656 ], [ 77.5891345, 12.9358114 ], [ 77.5899367, 12.9354996 ], [ 77.5901161, 12.9363211 ], [ 77.5905562, 12.9361281 ], [ 77.5910419, 12.9366699 ], [ 77.5927, 12.9362051 ], [ 77.592543400000011, 12.9404641 ], [ 77.5934444, 12.9415279 ], [ 77.591217700000016, 12.9421475 ], [ 77.591262700000016, 12.9424373 ], [ 77.5908594, 12.9426287 ], [ 77.591317, 12.9433536 ], [ 77.5910568, 12.9434874 ], [ 77.5914381, 12.9443176 ], [ 77.5921497, 12.9443132 ], [ 77.5925315, 12.945493 ], [ 77.5929346, 12.9452337 ], [ 77.592872, 12.9455003 ], [ 77.5934585, 12.9464007 ], [ 77.5930924, 12.9466246 ], [ 77.5932451, 12.9468681 ], [ 77.5941676, 12.9474349 ], [ 77.592906, 12.9499782 ], [ 77.5917691, 12.951042 ], [ 77.5905542, 12.9515318 ], [ 77.5913989, 12.9538294 ], [ 77.5883267, 12.9548097 ], [ 77.5890166, 12.9569417 ], [ 77.5922257, 12.9560462 ], [ 77.6002365, 12.9497752 ], [ 77.60345580000002, 12.9505517 ], [ 77.6024255, 12.9473559 ], [ 77.6028442, 12.944096 ], [ 77.6026293, 12.9421388 ], [ 77.5972553, 12.9431873 ], [ 77.5976593, 12.9399535 ], [ 77.5987538, 12.9380793 ], [ 77.5999335, 12.9374283 ], [ 77.605088, 12.9366541 ], [ 77.6053808, 12.939294 ], [ 77.6058451, 12.9391954 ], [ 77.6059245, 12.9395905 ], [ 77.607784, 12.9392143 ], [ 77.6077581, 12.9403789 ], [ 77.6073933, 12.9417159 ], [ 77.60775, 12.9418166 ], [ 77.6075647, 12.9423741 ], [ 77.608034, 12.9425478 ], [ 77.6138207, 12.9316657 ], [ 77.6096084, 12.9348507 ], [ 77.6100866, 12.9322959 ], [ 77.6086922, 12.9251563 ], [ 77.6098651, 12.9234156 ], [ 77.6103194, 12.9223216 ], [ 77.6111266, 12.9215757 ], [ 77.6102913, 12.9197543 ], [ 77.6083681, 12.9198605 ], [ 77.6080493, 12.9200503 ], [ 77.6088996, 12.9227123 ], [ 77.6084211, 12.923747 ], [ 77.6087316, 12.9238794 ], [ 77.6085273, 12.9248244 ], [ 77.6068819, 12.9250294 ], [ 77.6069595, 12.9254555 ], [ 77.6061921, 12.925619 ], [ 77.6050983, 12.9251479 ] ] ] } },
{ "type": "Feature", "properties": { "zone_id": "JPN", "n_wards": 11, "source": "wards", "zone_name": "JP Nagar", "zone_type": "residential", "area_km2": 18.0 }, "geometry": { "type": "Polygon", "coordinates": [ [ [ 77.5709905, 12.8884241 ], [ 77.5703963, 12.8849674 ], [ 77.5697479, 12.8832968 ], [ 77.5674837, 12.8838114 ], [ 77.5674134, 12.8834021 ], [ 77.5665229, 12.8836164 ], [ 77.5661435, 12.8831063 ], [ 77.5660062, 12.8821669 ], [ 77.566957300000013, 12.881349 ], [ 77.5673646, 12.8795798 ], [ 77.5672517, 12.8790603 ], [ 77.5676339, 12.8788962 ], [ 77.5668641, 12.8765233 ], [ 77.5666108, 12.8728633 ], [ 77.5660522, 12.8700321 ], [ 77.5662313, 12.8691154 ], [ 77.565778, 12.8677759 ], [ 77.5618178, 12.8685047 ], [ 77.561116, 12.8660451 ], [ 77.5587574, 12.8667762 ], [ 77.5577636, 12.867974 ], [ 77.5574931, 12.8679743 ], [ 77.557575, 12.8685055 ], [ 77.5555262, 12.8687965 ], [ 77.5546371, 12.8660191 ], [ 77.5539726, 12.8659284 ], [ 77.5537812, 12.8666339 ], [ 77.5521689, 12.8663831 ], [ 77.5516384, 12.8669096 ], [ 77.5511626, 12.8669271 ], [ 77.5511959, 12.8685089 ], [ 77.550511, 12.8686727 ], [ 77.5504134, 12.8694957 ], [ 77.5499674, 12.8701279 ], [ 77.5500244, 12.8716667 ], [ 77.5507934, 12.87247 ], [ 77.5510694, 12.873643 ], [ 77.5508487, 12.8741861 ], [ 77.5510533, 12.874899 ], [ 77.5509206, 12.8753449 ], [ 77.5515438, 12.8753595 ], [ 77.552483, 12.8759218 ], [ 77.5544574, 12.8754948 ], [ 77.5544398, 12.8752917 ], [ 77.5548198, 12.875197 ], [ 77.5551277, 12.8760825 ], [ 77.5550835, 12.8778739 ], [ 77.555668, 12.8783052 ], [ 77.5567838, 12.8813446 ], [ 77.5568036, 12.8822197 ], [ 77.5573065, 12.8836851 ], [ 77.552901, 12.8836615 ], [ 77.5508337, 12.8840803 ], [ 77.5599389, 12.8869401 ], [ 77.5616537, 12.8880402 ], [ 77.5643098, 12.8904005 ], [ 77.5608237, 12.891372 ], [ 77.5594734, 12.8920806 ], [ 77.559712, 12.894126 ], [ 77.559115, 12.894334 ], [ 77.5589981, 12.8951279 ], [ 77.558463, 12.8953093 ], [ 77.5583251, 12.8949944 ], [ 77.5568196, 12.8956969 ], [ 77.5559154, 12.8962761 ], [ 77.5553801, 12.8969487 ], [ 77.5558674, 12.8975538 ], [ 77.5556109, 12.8979742 ], [ 77.5558256, 12.8981934 ], [ 77.555652, 12.8985644 ], [ 77.5565117, 12.9025007 ], [ 77.5562275, 12.9025713 ], [ 77.5563469, 12.9029383 ], [ 77.5549633, 12.9034092 ], [ 77.5534322, 12.9033485 ], [ 77.5524204, 12.903818 ], [ 77.5514626, 12.9036455 ], [ 77.5510302, 12.9039185 ], [ 77.5508918, 12.9043513 ], [ 77.5502501, 12.9044739 ], [ 77.5503171, 12.9039808 ], [ 77.5490726, 12.9042053 ], [ 77.5490903, 12.903916 ], [ 77.5483983, 12.9034496 ], [ 77.5483716, 12.9054657 ], [ 77.5492773, 12.9077663 ], [ 77.5519356, 12.9070391 ], [ 77.5535602, 12.9063253 ], [ 77.554668, 12.9095285 ], [ 77.5548895, 12.9095715 ], [ 77.5556508, 12.9110209 ], [ 77.5580969, 12.9104752 ], [ 77.5583315, 12.9107349 ], [ 77.5584575, 12.9086253 ], [ 77.5592873, 12.9090643 ], [ 77.5601191, 12.9098809 ], [ 77.562155, 12.9087776 ], [ 77.5624774, 12.9089563 ], [ 77.56272, 12.9110185 ], [ 77.5628777, 12.9113476 ], [ 77.5631797, 12.9113368 ], [ 77.5634343, 12.9132123 ], [ 77.5596016, 12.9137559 ], [ 77.5608646, 12.9148976 ], [ 77.5620234, 12.9165441 ], [ 77.5630268, 12.9197065 ], [ 77.5641018, 12.9184402 ], [ 77.5649539, 12.9164815 ], [ 77.5654262, 12.9163368 ], [ 77.565486, 12.9164775 ], [ 77.5660054, 12.9160691 ], [ 77.5662497, 12.9175648 ], [ 77.5668324, 12.9174015 ], [ 77.5671144, 12.9185179 ], [ 77.5687116, 12.9181114 ], [ 77.5687928, 12.9171021 ], [ 77.5695668, 12.9155022 ], [ 77.5699753, 12.9156506 ], [ 77.5704037, 12.9163353 ], [ 77.5728934, 12.9166326 ], [ 77.5735342, 12.9169787 ], [ 77.573513, 12.9178259 ], [ 77.5742326, 12.9197442 ], [ 77.5744021, 12.920838 ], [ 77.5735613, 12.9210258 ], [ 77.573589, 12.9235586 ], [ 77.5858963, 12.9232913 ], [ 77.585872, 12.9216597 ], [ 77.5934242, 12.9215836 ], [ 77.5934138, 12.9205188 ], [ 77.600107, 12.9205008 ], [ 77.5998947, 12.9167299 ], [ 77.5999835, 12.9110126 ], [ 77.6005005, 12.9072401 ], [ 77.6018518, 12.9054977 ], [ 77.6014589, 12.9035118 ], [ 77.6003111, 12.9035661 ], [ 77.5994198, 12.903872 ], [ 77.5989868, 12.9035748 ], [ 77.599431, 12.9011085 ], [ 77.5966425, 12.9024643 ], [ 77.5939922, 12.9026623 ], [ 77.5935623, 12.90557 ], [ 77.5934084, 12.9052722 ], [ 77.592936, 12.9052916 ], [ 77.5902339, 12.9057114 ], [ 77.5900512, 12.9047951 ], [ 77.5881184, 12.9050819 ], [ 77.5882896, 12.9033839 ], [ 77.5880448, 12.9032915 ], [ 77.5885014, 12.9010442 ], [ 77.5880324, 12.9009156 ], [ 77.5886664, 12.899605 ], [ 77.5889737, 12.8974653 ], [ 77.5887272, 12.8973966 ], [ 77.5887232, 12.8970669 ], [ 77.5859137, 12.8968846 ], [ 77.5864102, 12.8927227 ], [ 77.5856328, 12.8926265 ], [ 77.5856676, 12.8917938 ], [ 77.5818074, 12.8922216 ], [ 77.581856, 12.8912849 ], [ 77.5825928, 12.8904589 ], [ 77.58624, 12.8893229 ], [ 77.5917963, 12.8883001 ], [ 77.5916279, 12.8858569 ], [ 77.5909791, 12.8836205 ], [ 77.5859131, 12.8828722 ], [ 77.5834511, 12.8822166 ], [ 77.5822386, 12.8856651 ], [ 77.5819023, 12.8882263 ], [ 77.5786491, 12.8881682 ], [ 77.578799, 12.8875703 ], [ 77.5793424, 12.8871222 ], [ 77.5793558, 12.885567 ], [ 77.5790549, 12.8854661 ], [ 77.5785483, 12.8860143 ], [ 77.5782275, 12.8859949 ], [ 77.5768696, 12.8852494 ], [ 77.5769833, 12.8844385 ], [ 77.5755161, 12.8841989 ], [ 77.575493, 12.8853194 ], [ 77.5759165, 12.8862663 ], [ 77.574727, 12.8870426 ], [ 77.573128600000018, 12.887346 ], [ 77.5732233, 12.8879978 ], [ 77.5709905, 12.8884241 ] ] ] } },
{ "type": "Feature", "properties": { "zone_id": "KIA", "n_wards": 0, "source": "circle", "zone_name": "Kempegowda Airport", "zone_type": "transit_hub", "area_km2": 19.6 }, "geometry": { "type": "Polygon", "coordinates": [ [ [ 77.729646290837948, 13.198355222039529 ], [ 77.729154539927421, 13.193954678143628 ], [ 77.72779610122582, 13.189732674810537 ], [ 77.725623211947905, 13.185851440754675 ], [ 77.722719392386821, 13.182460105601926 ], [ 77.719196233651573, 13.179688972579784 ], [ 77.715189109460965, 13.17764451466563 ], [ 77.710851976753901, 13.176405285938458 ], [ 77.706351464474551, 13.176018904798832 ], [ 77.701860476896272, 13.176500224689208 ], [ 77.69755155627773, 13.177830762514734 ], [ 77.693590258820478, 13.179959406848331 ], [ 77.69012879747909, 13.18280437902081 ], [ 77.687300195163715, 13.18625637219934 ], [ 77.6852131726192, 13.190182748369043 ], [ 77.683947967452426, 13.194432632476694 ], [ 77.683553245414387, 13.198842708435256 ], [ 77.684044223424337, 13.203243494563234 ], [ 77.685402077493791, 13.207465857407925 ], [ 77.687574659412931, 13.211347513522554 ], [ 77.690478495681205, 13.214739269026627 ], [ 77.694001992646164, 13.217510756697976 ], [ 77.698009725096625, 13.219555449567071 ], [ 77.702347643491635, 13.220794757785145 ], [ 77.706848999273134, 13.22118105084985 ], [ 77.711340759752176, 13.220699488727334 ], [ 77.715650265002907, 13.219368591390115 ], [ 77.719611869818806, 13.217239524997684 ], [ 77.723073314452762, 13.214394132473878 ], [ 77.725901578538256, 13.210941784646202 ], [ 77.727987992822889, 13.207015173521651 ], [ 77.729252412301832, 13.202765209923163 ], [ 77.729646290837948, 13.198355222039529 ] ] ] } },
{ "type": "Feature", "properties": { "zone_id": "KOR", "n_wards": 6, "source": "wards", "zone_name": "Koramangala", "zone_type": "restaurant_cluster", "area_km2": 19.9 }, "geometry": { "type": "Polygon", "coordinates": [ [ [ 77.6399248, 12.9238266 ], [ 77.6384484, 12.9203871 ], [ 77.6381704, 12.9159485 ], [ 77.6285064, 12.9168037 ], [ 77.625640600000011, 12.9176456 ], [ 77.6226534, 12.9172827 ], [ 77.613669, 12.9316977 ], [ 77.6138207, 12.9316657 ], [ 77.608034, 12.9425478 ], [ 77.6075647, 12.9423741 ], [ 77.60775, 12.9418166 ], [ 77.6073933, 12.9417159 ], [ 77.6077581, 12.9403789 ], [ 77.607784, 12.9392143 ], [ 77.6059245, 12.9395905 ], [ 77.6058451, 12.9391954 ], [ 77.6053808, 12.939294 ], [ 77.605088, 12.9366541 ], [ 77.6016935, 12.9370596 ], [ 77.5993769, 12.9376067 ], [ 77.5984739, 12.9384017 ], [ 77.5978635, 12.9394365 ], [ 77.5972553, 12.9431873 ], [ 77.6026293, 12.9421388 ], [ 77.6028442, 12.944096 ], [ 77.6024255, 12.9473559 ], [ 77.6034433, 12.9505089 ], [ 77.6056902, 12.950116 ], [ 77.6057917, 12.9497977 ], [ 77.6114363, 12.9490206 ], [ 77.6116149, 12.9492447 ], [ 77.6115533, 12.9497957 ], [ 77.6153473, 12.9508371 ], [ 77.6169456, 12.9506539 ], [ 77.6171054, 12.9521405 ], [ 77.6165618, 12.952182 ], [ 77.6168123, 12.9540067 ], [ 77.6202074, 12.9523227 ], [ 77.6203276, 12.9531921 ], [ 77.6258049, 12.9521556 ], [ 77.6243701, 12.9541169 ], [ 77.6209862, 12.9561161 ], [ 77.6211528, 12.9578296 ], [ 77.6203155, 12.9591322 ], [ 77.6176715, 12.9653224 ], [ 77.6196215, 12.965488 ], [ 77.62052, 12.9666726 ], [ 77.6199663, 12.9682286 ], [ 77.6195267, 12.9722171 ], [ 77.6193228, 12.9724789 ], [ 77.6196844, 12.9727045 ], [ 77.621032, 12.9726864 ], [ 77.6222891, 12.9732196 ], [ 77.6237435, 12.9711244 ], [ 77.6254922, 12.9721276 ], [ 77.626462800000013, 12.9700366 ], [ 77.6265219, 12.9657403 ], [ 77.6263182, 12.9654205 ], [ 77.6249684, 12.9661083 ], [ 77.6263714, 12.9634924 ], [ 77.6284983, 12.9622459 ], [ 77.6320019, 12.9611728 ], [ 77.6343105, 12.9616276 ], [ 77.6347162, 12.9611517 ], [ 77.6363757, 12.9563219 ], [ 77.6360845, 12.9563226 ], [ 77.6365435, 12.9553604 ], [ 77.6406149, 12.9504565 ], [ 77.6420657, 12.9494255 ], [ 77.6450694, 12.9466814 ], [ 77.6474553, 12.9449667 ], [ 77.6475519, 12.9444666 ], [ 77.6473289, 12.9442848 ], [ 77.6478212, 12.9437965 ], [ 77.6543997, 12.9402481 ], [ 77.6574278, 12.9401088 ], [ 77.658056, 12.9398506 ], [ 77.6581389, 12.9378961 ], [ 77.6589082, 12.9379154 ], [ 77.6589099, 12.9382971 ], [ 77.660362500000019, 12.9383161 ], [ 77.6605643, 12.9380295 ], [ 77.659336, 12.9375497 ], [ 77.6571627, 12.936053 ], [ 77.6550207, 12.9349682 ], [ 77.6591243, 12.9294179 ], [ 77.6610847, 12.929827 ], [ 77.6618169, 12.9289613 ], [ 77.6632856, 12.9282293 ], [ 77.6632654, 12.9276321 ], [ 77.662472, 12.9261417 ], [ 77.6611605, 12.9216122 ], [ 77.6627897, 12.921198 ], [ 77.6622162, 12.9187907 ], [ 77.6619953, 12.9182611 ], [ 77.6603541, 12.9163445 ], [ 77.654664, 12.9204497 ], [ 77.6536118, 12.9204513 ], [ 77.6535999, 12.9209619 ], [ 77.6515013, 12.9211842 ], [ 77.6514928, 12.9230001 ], [ 77.6517377, 12.9242206 ], [ 77.6491927, 12.9246948 ], [ 77.6451661, 12.9244601 ], [ 77.6413746, 12.9233783 ], [ 77.6399248, 12.9238266 ] ] ] } },
{ "type": "Feature", "properties": { "zone_id": "KRP", "n_wards": 11, "source": "wards", "zone_name": "KR Puram", "zone_type": "mixed", "area_km2": 43.7 }, "geometry": { "type": "Polygon", "coordinates": [ [ [ 77.6954775, 12.981954 ], [ 77.6951829, 12.9811214 ], [ 77.6943719, 12.9815657 ], [ 77.693501, 12.9815827 ], [ 77.6933165, 12.9818725 ], [ 77.6922299, 12.9818601 ], [ 77.6916041, 12.9815379 ], [ 77.6901779, 12.9817989 ], [ 77.6888218, 12.9785066 ], [ 77.6868071, 12.9795064 ], [ 77.6856333, 12.9783837 ], [ 77.6849001, 12.9780344 ], [ 77.6840043, 12.975949 ], [ 77.6843023, 12.9754987 ], [ 77.6849382, 12.9751194 ], [ 77.6843442, 12.9742008 ], [ 77.6825156, 12.974939 ], [ 77.6822167, 12.9738862 ], [ 77.6805097, 12.9744084 ], [ 77.6787022, 12.9746136 ], [ 77.6793775, 12.9765139 ], [ 77.6795054, 12.9790466 ], [ 77.6804164, 12.9824971 ], [ 77.680014, 12.9834137 ], [ 77.678591, 12.984081 ], [ 77.6749244, 12.9863682 ], [ 77.6729329, 12.9863695 ], [ 77.6717122, 12.9858784 ], [ 77.669479800000019, 12.9861216 ], [ 77.6679732, 12.9854911 ], [ 77.6678167, 12.9858744 ], [ 77.667526, 12.9859373 ], [ 77.6674101, 12.9886712 ], [ 77.6676288, 12.989526 ], [ 77.6683637, 12.9901949 ], [ 77.666907, 12.9910534 ], [ 77.6655319, 12.9923831 ], [ 77.6627907, 12.9967599 ], [ 77.6640703, 12.9974841 ], [ 77.663592, 12.9982592 ], [ 77.6631888, 13.0045565 ], [ 77.6625689, 13.0081934 ], [ 77.6622976, 13.012389 ], [ 77.6622827, 13.0132 ], [ 77.6631801, 13.0129774 ], [ 77.6627991, 13.018851 ], [ 77.6619869, 13.0216339 ], [ 77.6595341, 13.0249237 ], [ 77.661435, 13.0273196 ], [ 77.6637397, 13.0287368 ], [ 77.6604401, 13.0322951 ], [ 77.6596614, 13.0326838 ], [ 77.6601762, 13.0347777 ], [ 77.660102100000017, 13.037251 ], [ 77.6603742, 13.0385178 ], [ 77.6618109, 13.0386782 ], [ 77.6619702, 13.0409553 ], [ 77.6649947, 13.0403086 ], [ 77.6654648, 13.0431856 ], [ 77.6657073, 13.0432385 ], [ 77.6657727, 13.0435901 ], [ 77.6657234, 13.0456076 ], [ 77.6667574, 13.0452741 ], [ 77.6670262, 13.0448885 ], [ 77.668058800000011, 13.0447819 ], [ 77.6689159, 13.0453338 ], [ 77.6699522, 13.0490567 ], [ 77.6710937, 13.0505278 ], [ 77.6717795, 13.0511652 ], [ 77.672237700000011, 13.0509941 ], [ 77.6723629, 13.0511514 ], [ 77.6729818, 13.0507857 ], [ 77.6737777, 13.0507899 ], [ 77.6746898, 13.051371 ], [ 77.6756458, 13.0525491 ], [ 77.67981, 13.0524853 ], [ 77.6810352, 13.051876 ], [ 77.6836139, 13.0499629 ], [ 77.6839669, 13.0501072 ], [ 77.6850515, 13.0451095 ], [ 77.6847309, 13.041631 ], [ 77.683619, 13.0347604 ], [ 77.6831601, 13.0287825 ], [ 77.6832005, 13.0268703 ], [ 77.6838297, 13.0228958 ], [ 77.6864596, 13.022532 ], [ 77.6885872, 13.0219826 ], [ 77.6943795, 13.0267388 ], [ 77.6985668, 13.0271676 ], [ 77.7016839, 13.0274368 ], [ 77.7011858, 13.0249461 ], [ 77.7033964, 13.0258079 ], [ 77.7059213, 13.0261873 ], [ 77.70793, 13.0257807 ], [ 77.7091528, 13.0252993 ], [ 77.7106557, 13.0259389 ], [ 77.7119553, 13.0281854 ], [ 77.7149629, 13.0319464 ], [ 77.7173371, 13.0315755 ], [ 77.7174164, 13.0328969 ], [ 77.7211791, 13.0338455 ], [ 77.7214455, 13.0341131 ], [ 77.723347, 13.0335147 ], [ 77.7239047, 13.033571 ], [ 77.7241929, 13.0325698 ], [ 77.724846, 13.0324113 ], [ 77.7246829, 13.030094 ], [ 77.7251532, 13.0259276 ], [ 77.7256631, 13.0259398 ], [ 77.7294997, 13.0202014 ], [ 77.7300945, 13.0198151 ], [ 77.7297692, 13.017592 ], [ 77.7286604, 13.0144488 ], [ 77.7280825, 13.0105449 ], [ 77.7324408, 13.0108013 ], [ 77.733958, 13.0101954 ], [ 77.7355882, 13.0109132 ], [ 77.7362319, 13.0107624 ], [ 77.7361466, 13.0076147 ], [ 77.7366022, 13.0078777 ], [ 77.7385673, 13.0076449 ], [ 77.7386248, 13.006655 ], [ 77.7391374, 13.0066811 ], [ 77.7395531, 13.0049595 ], [ 77.7395057, 13.0040522 ], [ 77.7389875, 13.003213 ], [ 77.7388208, 13.0001909 ], [ 77.738348, 13.0000265 ], [ 77.7382269, 12.9997432 ], [ 77.7381838, 12.9978483 ], [ 77.7313684, 12.9965781 ], [ 77.7314826, 12.995441 ], [ 77.732501500000012, 12.9940007 ], [ 77.7327982, 12.9932298 ], [ 77.7336968, 12.9878715 ], [ 77.7318655, 12.9881177 ], [ 77.731952, 12.9863989 ], [ 77.7302733, 12.9855135 ], [ 77.7285635, 12.9833048 ], [ 77.7279866, 12.9821974 ], [ 77.7275497, 12.9805692 ], [ 77.7272281, 12.9764206 ], [ 77.713974800000017, 12.9778059 ], [ 77.7146111, 12.9812637 ], [ 77.7138805, 12.9807434 ], [ 77.7122352, 12.9808467 ], [ 77.7123149, 12.9839469 ], [ 77.7108826, 12.9841718 ], [ 77.7086185, 12.9837122 ], [ 77.7083327, 12.9839523 ], [ 77.7082378, 12.9850757 ], [ 77.7072936, 12.9879458 ], [ 77.7068718, 12.9880236 ], [ 77.7060319, 12.9881362 ], [ 77.705995, 12.9871237 ], [ 77.7041895, 12.9871211 ], [ 77.7024517, 12.9847656 ], [ 77.6997932, 12.9845696 ], [ 77.7003062, 12.9840358 ], [ 77.7009109, 12.9837867 ], [ 77.7006968, 12.9828382 ], [ 77.7015721, 12.9820567 ], [ 77.700845, 12.9823229 ], [ 77.7000668, 12.9807455 ], [ 77.6968078, 12.9818815 ], [ 77.6954775, 12.981954 ] ] ] } },
{ "type": "Feature", "properties": { "zone_id": "MAJ", "n_wards": 14, "source": "wards", "zone_name": "Majestic", "zone_type": "transit_hub", "area_km2": 12.1 }, "geometry": { "type": "Polygon", "coordinates": [ [ [ 77.5479139, 12.9574567 ], [ 77.5451602, 12.9572657 ], [ 77.5437113, 12.9577277 ], [ 77.5433456, 12.9570468 ], [ 77.5418879, 12.9558365 ], [ 77.5415919, 12.9552099 ], [ 77.5416769, 12.9546227 ], [ 77.5414603, 12.9545474 ], [ 77.5411043, 12.9545294 ], [ 77.5412126, 12.9557255 ], [ 77.5389846, 12.9559053 ], [ 77.5392507, 12.9579615 ], [ 77.5436496, 12.9638227 ], [ 77.5443532, 12.9642201 ], [ 77.546372, 12.9643009 ], [ 77.5477887, 12.9647873 ], [ 77.5500631, 12.966389 ], [ 77.551592, 12.9680488 ], [ 77.5545012, 12.9688899 ], [ 77.5541758, 12.9691076 ], [ 77.5542625, 12.9696421 ], [ 77.55192, 12.9703642 ], [ 77.5530636, 12.9716573 ], [ 77.5544722, 12.9755735 ], [ 77.5554458, 12.9774838 ], [ 77.5573536, 12.9785209 ], [ 77.558939, 12.9788927 ], [ 77.5592493, 12.9799501 ], [ 77.5607596, 12.9804615 ], [ 77.5611822, 12.9817583 ], [ 77.5617291, 12.9819155 ], [ 77.5607854, 12.9866894 ], [ 77.5610312, 12.9869603 ], [ 77.5618478, 12.9872041 ], [ 77.5614501, 12.988282 ], [ 77.5639561, 12.9881827 ], [ 77.563989600000014, 12.9883631 ], [ 77.5651043, 12.9883012 ], [ 77.5651107, 12.9885361 ], [ 77.567933, 12.9883964 ], [ 77.5678109, 12.9933801 ], [ 77.5683296, 12.9933694 ], [ 77.5671788, 12.9947879 ], [ 77.5661, 12.9966088 ], [ 77.5667872, 12.9968572 ], [ 77.568493, 12.9967647 ], [ 77.5696366, 12.9932491 ], [ 77.5728374, 12.9935178 ], [ 77.5739676, 12.9938375 ], [ 77.5741723, 12.9928078 ], [ 77.5754782, 12.9919084 ], [ 77.5771079, 12.9936573 ], [ 77.5779508, 12.9920894 ], [ 77.5775712, 12.9917363 ], [ 77.579896, 12.9909871 ], [ 77.5760976, 12.9853026 ], [ 77.5747918, 12.9841365 ], [ 77.577588, 12.9836548 ], [ 77.5769501, 12.9831575 ], [ 77.576583, 12.9820657 ], [ 77.5767073, 12.9813383 ], [ 77.577249200000011, 12.9806723 ], [ 77.5810946, 12.9800988 ], [ 77.5844508, 12.9779289 ], [ 77.5810865, 12.9730667 ], [ 77.5826741, 12.9720312 ], [ 77.5844515, 12.9703558 ], [ 77.5843619, 12.9687045 ], [ 77.5851448, 12.9678667 ], [ 77.5874398, 12.9668117 ], [ 77.5866235, 12.9657684 ], [ 77.5867349, 12.9655109 ], [ 77.589802, 12.9628582 ], [ 77.5911682, 12.9625815 ], [ 77.5907038, 12.9605963 ], [ 77.5899572, 12.9608242 ], [ 77.5891125, 12.9583202 ], [ 77.5853044, 12.9594044 ], [ 77.583530200000013, 12.9603152 ], [ 77.5821616, 12.9577303 ], [ 77.580129700000015, 12.9589407 ], [ 77.57926, 12.9590261 ], [ 77.5784005, 12.9586936 ], [ 77.5745144, 12.9597733 ], [ 77.5737395, 12.9575822 ], [ 77.5733794, 12.9572729 ], [ 77.5633548, 12.9569867 ], [ 77.563429, 12.9539459 ], [ 77.5622957, 12.9534093 ], [ 77.5612017, 12.9533421 ], [ 77.5598114, 12.9536799 ], [ 77.5584822, 12.9531317 ], [ 77.5565335, 12.9532604 ], [ 77.5574468, 12.9554495 ], [ 77.5592943, 12.9568821 ], [ 77.5592193, 12.9594024 ], [ 77.5557573, 12.9584313 ], [ 77.5556293, 12.9571835 ], [ 77.5549019, 12.9569579 ], [ 77.5544882, 12.958184 ], [ 77.5512022, 12.9570869 ], [ 77.5484052, 12.9565688 ], [ 77.5479139, 12.9574567 ] ] ] } },
{ "type": "Feature", "properties": { "zone_id": "MAN", "n_wards": 10, "source": "wards", "zone_name": "Manyata Tech Park", "zone_type": "office", "area_km2": 43.9 }, "geometry": { "type": "Polygon", "coordinates": [ [ [ 77.6595341, 13.0249237 ], [ 77.6613558, 13.0226664 ], [ 77.6625529, 13.0201657 ], [ 77.6631801, 13.0129774 ], [ 77.6622827, 13.0132 ], [ 77.6620949, 13.0157257 ], [ 77.661707100000015, 13.0164073 ], [ 77.6452066, 13.0234718 ], [ 77.6447833, 13.0149865 ], [ 77.6427698, 13.0152549 ], [ 77.642434, 13.0137802 ], [ 77.6427623, 13.0118837 ], [ 77.641417, 13.0116409 ], [ 77.6412492, 13.0124304 ], [ 77.6404064, 13.0124152 ], [ 77.640383, 13.0127588 ], [ 77.6394641, 13.0127162 ], [ 77.6393562, 13.0140024 ], [ 77.6357645, 13.0144104 ], [ 77.6351359, 13.0111103 ], [ 77.6354224, 13.0093368 ], [ 77.6336096, 13.0091621 ], [ 77.6324965, 13.0091033 ], [ 77.6325772, 13.0098264 ], [ 77.631949, 13.009713 ], [ 77.6315177, 13.0102511 ], [ 77.630821, 13.0095585 ], [ 77.6297199, 13.0103037 ], [ 77.6288141, 13.0104134 ], [ 77.6289475, 13.011009 ], [ 77.6270684, 13.0113661 ], [ 77.6271209, 13.0117211 ], [ 77.6256424, 13.0120722 ], [ 77.625486, 13.0118011 ], [ 77.6240732, 13.0123156 ], [ 77.6241482, 13.0125529 ], [ 77.6215399, 13.0134706 ], [ 77.6232772, 13.0177844 ], [ 77.6223804, 13.0180152 ], [ 77.6225702, 13.0192002 ], [ 77.621931900000021, 13.0192879 ], [ 77.6221205, 13.0202482 ], [ 77.6190104, 13.020571 ], [ 77.6191101, 13.021304 ], [ 77.6178533, 13.0211112 ], [ 77.6173745, 13.0203707 ], [ 77.6154291, 13.0205202 ], [ 77.614549400000016, 13.020817 ], [ 77.6140743, 13.0206513 ], [ 77.6138167, 13.020192 ], [ 77.6127575, 13.0203902 ], [ 77.6125417, 13.0235306 ], [ 77.6131587, 13.0250421 ], [ 77.6136903, 13.0259221 ], [ 77.6158274, 13.0275233 ], [ 77.6161607, 13.0279999 ], [ 77.615759, 13.0287967 ], [ 77.6115585, 13.0341139 ], [ 77.6107722, 13.0361252 ], [ 77.6102792, 13.0382057 ], [ 77.6113553, 13.0399916 ], [ 77.612001, 13.042527 ], [ 77.6136086, 13.0421675 ], [ 77.6124742, 13.0437701 ], [ 77.6120406, 13.0458569 ], [ 77.6113826, 13.0467093 ], [ 77.6114038, 13.0470219 ], [ 77.6122215, 13.0478381 ], [ 77.6118024, 13.0494436 ], [ 77.6104265, 13.0497184 ], [ 77.6102821, 13.0503353 ], [ 77.608436800000021, 13.0508801 ], [ 77.6073132, 13.0515385 ], [ 77.6068145, 13.0523702 ], [ 77.6022811, 13.0539957 ], [ 77.5993165, 13.054746 ], [ 77.5994632, 13.0551669 ], [ 77.5982633, 13.0557515 ], [ 77.5975059, 13.0557535 ], [ 77.5972191, 13.055421 ], [ 77.5934702, 13.055908 ], [ 77.593277200000017, 13.0642859 ], [ 77.5927127, 13.0734388 ], [ 77.5974541, 13.0727147 ], [ 77.6013497, 13.0729601 ], [ 77.6017846, 13.0757653 ], [ 77.6015416, 13.0758834 ], [ 77.6016239, 13.076784 ], [ 77.6019873, 13.0769815 ], [ 77.6021676, 13.0780424 ], [ 77.6017494, 13.07811 ], [ 77.601962500000013, 13.0801593 ], [ 77.6017528, 13.0801732 ], [ 77.6028615, 13.0858394 ], [ 77.6025254, 13.0861326 ], [ 77.605631, 13.0873859 ], [ 77.6070186, 13.0881907 ], [ 77.6080443, 13.0883654 ], [ 77.6070895, 13.0912788 ], [ 77.6068081, 13.0912463 ], [ 77.6065049, 13.0918853 ], [ 77.6066358, 13.091997 ], [ 77.6059808, 13.093452 ], [ 77.6060168, 13.0940619 ], [ 77.6075308, 13.094421 ], [ 77.608122, 13.0943466 ], [ 77.6097298, 13.0910332 ], [ 77.6116547, 13.0883497 ], [ 77.6124278, 13.0876817 ], [ 77.6128177, 13.0866471 ], [ 77.6141068, 13.0866478 ], [ 77.6149867, 13.0874988 ], [ 77.6166895, 13.0877226 ], [ 77.6181635, 13.088213 ], [ 77.6191088, 13.0883054 ], [ 77.6191199, 13.0880712 ], [ 77.619325, 13.0880532 ], [ 77.6216246, 13.0886307 ], [ 77.6239943, 13.0885273 ], [ 77.6237211, 13.0877552 ], [ 77.6241118, 13.0871233 ], [ 77.6236133, 13.0846982 ], [ 77.6236902, 13.0829923 ], [ 77.6232664, 13.0828938 ], [ 77.6250727, 13.0822939 ], [ 77.6249913, 13.0814014 ], [ 77.6273045, 13.0796095 ], [ 77.6293689, 13.0789674 ], [ 77.6337634, 13.0765433 ], [ 77.6342245, 13.0807921 ], [ 77.6364492, 13.0805989 ], [ 77.6365488, 13.0813681 ], [ 77.6369345, 13.0817377 ], [ 77.6372461, 13.0815225 ], [ 77.6378557, 13.081753 ], [ 77.638354100000015, 13.0815408 ], [ 77.6386319, 13.0817969 ], [ 77.63878, 13.0814063 ], [ 77.6389197, 13.0816568 ], [ 77.6395523, 13.0802791 ], [ 77.6397968, 13.0802597 ], [ 77.640129, 13.0792906 ], [ 77.640909, 13.0783875 ], [ 77.6409365, 13.0778762 ], [ 77.6415136, 13.0772945 ], [ 77.642146400000016, 13.0778262 ], [ 77.6445512, 13.0823174 ], [ 77.6455199, 13.0833916 ], [ 77.6466026, 13.0851523 ], [ 77.6496117, 13.0812955 ], [ 77.650677, 13.0779736 ], [ 77.6515906, 13.0709765 ], [ 77.6520086, 13.0632042 ], [ 77.6519634, 13.0607542 ], [ 77.6516052, 13.0586993 ], [ 77.6490667, 13.0588314 ], [ 77.6488929, 13.0577051 ], [ 77.6470341, 13.0575164 ], [ 77.6469082, 13.0572692 ], [ 77.6471278, 13.0567441 ], [ 77.6469649, 13.0561597 ], [ 77.6470989, 13.0556502 ], [ 77.647282, 13.0557014 ], [ 77.6473322, 13.0550617 ], [ 77.6473238, 13.0542747 ], [ 77.6471005, 13.0542386 ], [ 77.6472532, 13.0527295 ], [ 77.6480154, 13.0509172 ], [ 77.6470456, 13.0495133 ], [ 77.647424, 13.04941 ], [ 77.6472682, 13.0490582 ], [ 77.647469, 13.0488698 ], [ 77.6472046, 13.0483248 ], [ 77.6474396, 13.0480627 ], [ 77.6499822, 13.0477318 ], [ 77.6521722, 13.0470758 ], [ 77.6528716, 13.0465582 ], [ 77.65614, 13.046842 ], [ 77.6561028, 13.0481049 ], [ 77.6551183, 13.04808 ], [ 77.6548465, 13.0488913 ], [ 77.6555312, 13.0526604 ], [ 77.6555195, 13.0550715 ], [ 77.6551334, 13.0551522 ], [ 77.6555237, 13.0565349 ], [ 77.655383500000013, 13.0575414 ], [ 77.6558984, 13.0640597 ], [ 77.6565227, 13.0678238 ], [ 77.6564912, 13.074613 ], [ 77.6578229, 13.0729698 ], [ 77.6588381, 13.0707485 ], [ 77.6596608, 13.0682108 ], [ 77.6600883, 13.0678798 ], [ 77.6670164, 13.0659046 ], [ 77.6672959, 13.0640511 ], [ 77.6655961, 13.0606388 ], [ 77.6652586, 13.0547838 ], [ 77.6642456, 13.0508081 ], [ 77.6657639, 13.0500257 ], [ 77.6693208, 13.049928 ], [ 77.6700195, 13.0501037 ], [ 77.6715555, 13.0512386 ], [ 77.6723629, 13.0511514 ], [ 77.672237700000011, 13.0509941 ], [ 77.6717147, 13.0511364 ], [ 77.6699522, 13.0490567 ], [ 77.6689159, 13.0453338 ], [ 77.668058800000011, 13.0447819 ], [ 77.6670262, 13.0448885 ], [ 77.6667574, 13.0452741 ], [ 77.6657234, 13.0456076 ], [ 77.6657727, 13.0435901 ], [ 77.6657073, 13.0432385 ], [ 77.6654648, 13.0431856 ], [ 77.6649947, 13.0403086 ], [ 77.6619702, 13.0409553 ], [ 77.6618109, 13.0386782 ], [ 77.6603742, 13.0385178 ], [ 77.660102100000017, 13.037251 ], [ 77.6601762, 13.0347777 ], [ 77.6596614, 13.0326838 ], [ 77.6604401, 13.0322951 ], [ 77.6637397, 13.0287368 ], [ 77.6613913, 13.0272737 ], [ 77.6595341, 13.0249237 ] ] ] } },
{ "type": "Feature", "properties": { "zone_id": "MAR", "n_wards": 6, "source": "wards", "zone_name": "Marathahalli", "zone_type": "mixed", "area_km2": 31.3 }, "geometry": { "type": "Polygon", "coordinates": [ [ [ 77.714761200000012, 12.9558834 ], [ 77.7239811, 12.9558853 ], [ 77.7238681, 12.9522788 ], [ 77.7248958, 12.9478529 ], [ 77.7253651, 12.9475974 ], [ 77.7250199, 12.9474609 ], [ 77.7251106, 12.9462224 ], [ 77.7254491, 12.9463998 ], [ 77.7245868, 12.9449138 ], [ 77.7246026, 12.9443254 ], [ 77.7249746, 12.9438095 ], [ 77.7222243, 12.9432962 ], [ 77.7203474, 12.9433186 ], [ 77.7182868, 12.9425784 ], [ 77.7188028, 12.9404377 ], [ 77.7173684, 12.939066 ], [ 77.7173962, 12.9388684 ], [ 77.7179502, 12.9389983 ], [ 77.7190336, 12.9333702 ], [ 77.7187983, 12.9295063 ], [ 77.7180558, 12.9280698 ], [ 77.7167588, 12.9266187 ], [ 77.7163546, 12.9255707 ], [ 77.7135574, 12.9259045 ], [ 77.7105724, 12.9242271 ], [ 77.709316900000019, 12.9221319 ], [ 77.7079264, 12.9203825 ], [ 77.7033746, 12.9152353 ], [ 77.7077418, 12.9135584 ], [ 77.7081193, 12.9122508 ], [ 77.7075668, 12.9121171 ], [ 77.7069951, 12.9116228 ], [ 77.7062329, 12.9103784 ], [ 77.7056322, 12.9086784 ], [ 77.705553, 12.9088621 ], [ 77.7033813, 12.9095441 ], [ 77.7027664, 12.9097177 ], [ 77.7025901, 12.9094596 ], [ 77.6978808, 12.9110633 ], [ 77.6984748, 12.912725 ], [ 77.6986391, 12.9153735 ], [ 77.69902740000002, 12.9166986 ], [ 77.6966579, 12.9194142 ], [ 77.6889336, 12.9196642 ], [ 77.6886028, 12.9198946 ], [ 77.6854211, 12.9200233 ], [ 77.6858205, 12.9238845 ], [ 77.6856496, 12.9269114 ], [ 77.6854388, 12.9273247 ], [ 77.6846027, 12.9278877 ], [ 77.6845604, 12.9298005 ], [ 77.68726, 12.9319481 ], [ 77.6945706, 12.9386739 ], [ 77.6969865, 12.9423607 ], [ 77.697829, 12.9443213 ], [ 77.69785640000002, 12.9446699 ], [ 77.6968062, 12.945076 ], [ 77.6947561, 12.9453427 ], [ 77.6949939, 12.9457577 ], [ 77.6954388, 12.9459899 ], [ 77.6954958, 12.9466217 ], [ 77.6946535, 12.9466544 ], [ 77.6946808, 12.9479075 ], [ 77.6937042, 12.9479368 ], [ 77.6918489, 12.9485793 ], [ 77.6907998, 12.9493614 ], [ 77.6890876, 12.9496426 ], [ 77.6886709, 12.9492942 ], [ 77.6875126, 12.9490171 ], [ 77.6807002, 12.9484244 ], [ 77.6800451, 12.9482087 ], [ 77.678195, 12.9482141 ], [ 77.6752288, 12.9486636 ], [ 77.6729777, 12.9480972 ], [ 77.672948, 12.9478988 ], [ 77.670897, 12.9478532 ], [ 77.6708759, 12.9471171 ], [ 77.6692343, 12.9470809 ], [ 77.6683083, 12.9468871 ], [ 77.6683935, 12.9465102 ], [ 77.6665476, 12.9463688 ], [ 77.6665556, 12.9460909 ], [ 77.6647497, 12.94587 ], [ 77.6642383, 12.944493 ], [ 77.663863, 12.9444438 ], [ 77.662536, 12.9444856 ], [ 77.6624847, 12.9466497 ], [ 77.6599591, 12.9475563 ], [ 77.655772, 12.9473641 ], [ 77.6546495, 12.9476952 ], [ 77.6494779, 12.9473322 ], [ 77.649051, 12.9479023 ], [ 77.6491847, 12.948897 ], [ 77.6495438, 12.9494817 ], [ 77.6508826, 12.9509338 ], [ 77.652298, 12.9518375 ], [ 77.652524, 12.9525229 ], [ 77.658729, 12.9529362 ], [ 77.6609832, 12.9528691 ], [ 77.6609918, 12.954328 ], [ 77.6623679, 12.9542371 ], [ 77.6624002, 12.9547845 ], [ 77.6617762, 12.9549546 ], [ 77.6618177, 12.9553934 ], [ 77.6608474, 12.9554192 ], [ 77.6609133, 12.9556658 ], [ 77.6633698, 12.955722 ], [ 77.6630292, 12.9568276 ], [ 77.663582, 12.9588919 ], [ 77.6611442, 12.9592431 ], [ 77.6596645, 12.9590618 ], [ 77.6597907, 12.9602168 ], [ 77.6601638, 12.9608702 ], [ 77.6597734, 12.9610255 ], [ 77.6599676, 12.9616887 ], [ 77.6608204, 12.9616066 ], [ 77.6609472, 12.9622117 ], [ 77.661446700000013, 12.9621365 ], [ 77.6617076, 12.9629018 ], [ 77.6617912, 12.9642718 ], [ 77.661087, 12.9641537 ], [ 77.6607957, 12.9648534 ], [ 77.6605458, 12.9649621 ], [ 77.661, 12.9651776 ], [ 77.6610686, 12.9654525 ], [ 77.6615588, 12.9655321 ], [ 77.6619648, 12.966306 ], [ 77.6616454, 12.9668039 ], [ 77.658461300000013, 12.9671922 ], [ 77.658492, 12.9674335 ], [ 77.6579517, 12.9681651 ], [ 77.6572738, 12.9682443 ], [ 77.6577024, 12.9707119 ], [ 77.6587347, 12.9712535 ], [ 77.6586372, 12.9714533 ], [ 77.6615182, 12.9716203 ], [ 77.6615663, 12.9719789 ], [ 77.6630574, 12.9715379 ], [ 77.6653353, 12.9718443 ], [ 77.6655311, 12.9715781 ], [ 77.6661578, 12.9714463 ], [ 77.6665123, 12.9719203 ], [ 77.6665726, 12.9724504 ], [ 77.6669648, 12.9726181 ], [ 77.6666609, 12.9730085 ], [ 77.6669136, 12.9743011 ], [ 77.666611, 12.9744251 ], [ 77.6665159, 12.9753328 ], [ 77.6673141, 12.9755742 ], [ 77.6688466, 12.9754026 ], [ 77.6744907, 12.9734882 ], [ 77.6781162, 12.972709 ], [ 77.6787022, 12.9746136 ], [ 77.6805097, 12.9744084 ], [ 77.6822167, 12.9738862 ], [ 77.6825156, 12.974939 ], [ 77.6843442, 12.9742008 ], [ 77.6849382, 12.9751194 ], [ 77.6843023, 12.9754987 ], [ 77.6840043, 12.975949 ], [ 77.6849001, 12.9780344 ], [ 77.6856333, 12.9783837 ], [ 77.6868071, 12.9795064 ], [ 77.6888218, 12.9785066 ], [ 77.6901779, 12.9817989 ], [ 77.6916041, 12.9815379 ], [ 77.6922299, 12.9818601 ], [ 77.6933165, 12.9818725 ], [ 77.693501, 12.9815827 ], [ 77.6943719, 12.9815657 ], [ 77.6951829, 12.9811214 ], [ 77.6955427, 12.9820753 ], [ 77.697589, 12.9816679 ], [ 77.7000668, 12.9807455 ], [ 77.700845, 12.9823229 ], [ 77.7015721, 12.9820567 ], [ 77.7006968, 12.9828382 ], [ 77.7009109, 12.9837867 ], [ 77.7003062, 12.9840358 ], [ 77.6997932, 12.9845696 ], [ 77.7024517, 12.9847656 ], [ 77.7041895, 12.9871211 ], [ 77.705995, 12.9871237 ], [ 77.7060319, 12.9881362 ], [ 77.7072936, 12.9879458 ], [ 77.7082378, 12.9850757 ], [ 77.708466, 12.9823361 ], [ 77.7094392, 12.978856 ], [ 77.7122166, 12.9711157 ], [ 77.713514, 12.9681742 ], [ 77.714128, 12.9676766 ], [ 77.716314, 12.9675295 ], [ 77.7169351, 12.9673119 ], [ 77.7176815, 12.9669145 ], [ 77.7182915, 12.9661471 ], [ 77.718351, 12.965111 ], [ 77.7168303, 12.9623739 ], [ 77.7164202, 12.9604473 ], [ 77.714761200000012, 12.9558834 ] ] ] } },
{ "type": "Feature", "properties": { "zone_id": "MLM", "n_wards": 8, "source": "wards", "zone_name": "Malleshwaram", "zone_type": "residential", "area_km2": 15.2 }, "geometry": { "type": "Polygon", "coordinates": [ [ [ 77.5841864, 12.9994627 ], [ 77.5829981, 12.9992509 ], [ 77.5818736, 12.9983101 ], [ 77.579686, 12.9959084 ], [ 77.5771225, 12.993673 ], [ 77.5754782, 12.9919084 ], [ 77.5741723, 12.9928078 ], [ 77.5739676, 12.9938375 ], [ 77.5728374, 12.9935178 ], [ 77.5696366, 12.9932491 ], [ 77.568493, 12.9967647 ], [ 77.5667872, 12.9968572 ], [ 77.5661, 12.9966088 ], [ 77.5671788, 12.9947879 ], [ 77.5683296, 12.9933694 ], [ 77.560115700000011, 12.9939338 ], [ 77.560382, 12.9945794 ], [ 77.5591505, 12.9949857 ], [ 77.5598519, 12.9966739 ], [ 77.56057220000001, 12.9971784 ], [ 77.5563608, 12.9986033 ], [ 77.5554381, 12.9986304 ], [ 77.5530784, 12.998185 ], [ 77.5527034, 12.9993564 ], [ 77.5542875, 13.0061653 ], [ 77.5544931, 13.008073 ], [ 77.5544575, 13.0124122 ], [ 77.5540197, 13.014875 ], [ 77.5541986, 13.0151974 ], [ 77.5558611, 13.0158078 ], [ 77.5538883, 13.0191903 ], [ 77.5543421, 13.019816 ], [ 77.5554861, 13.019842 ], [ 77.5591014, 13.0288598 ], [ 77.5604264, 13.0283516 ], [ 77.5597399, 13.0266853 ], [ 77.560693, 13.0263123 ], [ 77.5593514, 13.0229807 ], [ 77.5611425, 13.0224726 ], [ 77.5615926, 13.021906 ], [ 77.5614486, 13.0211737 ], [ 77.5628074, 13.0206925 ], [ 77.5632246, 13.0219599 ], [ 77.562664, 13.0244013 ], [ 77.5618822, 13.0263244 ], [ 77.5619896, 13.0280862 ], [ 77.5616614, 13.0286575 ], [ 77.5622773, 13.0308702 ], [ 77.5629561, 13.030785 ], [ 77.5629996, 13.0319983 ], [ 77.563862, 13.0319062 ], [ 77.5642606, 13.0346567 ], [ 77.5632046, 13.0355739 ], [ 77.5633614, 13.0363686 ], [ 77.5639143, 13.036319 ], [ 77.5638945, 13.0379703 ], [ 77.5650241, 13.0382211 ], [ 77.5685633, 13.0341047 ], [ 77.569989300000017, 13.0319957 ], [ 77.5712515, 13.028462 ], [ 77.57768440000001, 13.0272586 ], [ 77.5777266, 13.0268877 ], [ 77.5801045, 13.0265106 ], [ 77.5812791, 13.0252149 ], [ 77.5827373, 13.024551 ], [ 77.5846552, 13.0229125 ], [ 77.5840251, 13.0206748 ], [ 77.5839284, 13.019298 ], [ 77.585679, 13.0186245 ], [ 77.5870319, 13.0189227 ], [ 77.5877416, 13.0184469 ], [ 77.5878201, 13.0179131 ], [ 77.5897533, 13.0172456 ], [ 77.5908077, 13.0190994 ], [ 77.5910658, 13.0205799 ], [ 77.592471, 13.0203748 ], [ 77.5923533, 13.019136 ], [ 77.5914364, 13.0157449 ], [ 77.5915171, 13.0155284 ], [ 77.5926305, 13.0150565 ], [ 77.5928376, 13.0158077 ], [ 77.5946041, 13.0159006 ], [ 77.5948267, 13.0165941 ], [ 77.5951154, 13.0166691 ], [ 77.595013, 13.0173985 ], [ 77.5945478, 13.0177973 ], [ 77.5947741, 13.0185178 ], [ 77.593944300000018, 13.0187384 ], [ 77.5944262, 13.0202186 ], [ 77.5936326, 13.0204332 ], [ 77.594532, 13.0236867 ], [ 77.5961575, 13.0232266 ], [ 77.5962587, 13.0236005 ], [ 77.5968334, 13.0234344 ], [ 77.5971132, 13.0249742 ], [ 77.5980328, 13.0249164 ], [ 77.5981236, 13.0254497 ], [ 77.6004313, 13.0255767 ], [ 77.6004531, 13.0247442 ], [ 77.5999041, 13.0235098 ], [ 77.6009439, 13.0229923 ], [ 77.6003624, 13.0213482 ], [ 77.5997407, 13.0197147 ], [ 77.59836, 13.0176936 ], [ 77.5976801, 13.0162154 ], [ 77.5976447, 13.01558 ], [ 77.5958515, 13.012646 ], [ 77.5953914, 13.0113824 ], [ 77.5958015, 13.0112179 ], [ 77.5949894, 13.0091007 ], [ 77.5947524, 13.009233 ], [ 77.5940863, 13.0072013 ], [ 77.5932629, 13.0056545 ], [ 77.595659, 12.9977469 ], [ 77.5962538, 12.9949742 ], [ 77.5961192, 12.9947113 ], [ 77.5941756, 12.9954625 ], [ 77.5896795, 12.995329 ], [ 77.589491, 12.9957013 ], [ 77.5865518, 12.9975047 ], [ 77.5843613, 12.9978269 ], [ 77.5841864, 12.9994627 ] ] ] } },
{ "type": "Feature", "properties": { "zone_id": "RAJ", "n_wards": 25, "source": "wards", "zone_name": "Rajajinagar", "zone_type": "residential", "area_km2": 26.7 }, "geometry": { "type": "Polygon", "coordinates": [ [ [ 77.5354437, 12.9659898 ], [ 77.5346891, 12.9643845 ], [ 77.5331106, 12.9647477 ], [ 77.5306267, 12.9646273 ], [ 77.5294968, 12.9649376 ], [ 77.5264337, 12.964598 ], [ 77.5267287, 12.9636397 ], [ 77.526572, 12.9627841 ], [ 77.5267143, 12.9619933 ], [ 77.5263028, 12.9620052 ], [ 77.5262997, 12.9622164 ], [ 77.523951, 12.961679 ], [ 77.5232807, 12.9617262 ], [ 77.5231621, 12.9622355 ], [ 77.5222686, 12.9618928 ], [ 77.5227735, 12.9639064 ], [ 77.5236707, 12.963797 ], [ 77.5232432, 12.9654861 ], [ 77.524103, 12.9679993 ], [ 77.521475, 12.9685706 ], [ 77.5215397, 12.9690488 ], [ 77.5194633, 12.969541 ], [ 77.5195197, 12.9698849 ], [ 77.5181973, 12.9701902 ], [ 77.5177731, 12.9697604 ], [ 77.5146467, 12.9707768 ], [ 77.5127867, 12.9717299 ], [ 77.5104784, 12.973566 ], [ 77.5090982, 12.9742186 ], [ 77.5068323, 12.970693 ], [ 77.5050571, 12.9665365 ], [ 77.5040698, 12.9670074 ], [ 77.5042247, 12.9672938 ], [ 77.5034324, 12.9676675 ], [ 77.5035789, 12.9680624 ], [ 77.5023641, 12.9686127 ], [ 77.5024787, 12.9687653 ], [ 77.5013335, 12.9695714 ], [ 77.4981594, 12.9702219 ], [ 77.4966818, 12.9701017 ], [ 77.4954613, 12.9703404 ], [ 77.4955257, 12.9709124 ], [ 77.4951957, 12.9713628 ], [ 77.494654, 12.9714979 ], [ 77.4944495, 12.973273 ], [ 77.4953228, 12.9760248 ], [ 77.4939931, 12.9762363 ], [ 77.4939276, 12.976718 ], [ 77.4936418, 12.9769805 ], [ 77.4936446, 12.9781291 ], [ 77.4933787, 12.9780255 ], [ 77.4932662, 12.9784693 ], [ 77.4931963, 12.9792492 ], [ 77.4939382, 12.981642 ], [ 77.4956273, 12.9853041 ], [ 77.4958806, 12.986448 ], [ 77.4975477, 12.9887102 ], [ 77.4999268, 12.9889197 ], [ 77.5038229, 12.9902453 ], [ 77.5047841, 12.9901457 ], [ 77.5057249, 12.9896702 ], [ 77.5047411, 12.9913128 ], [ 77.5044651, 12.99428 ], [ 77.5042771, 12.9943112 ], [ 77.5040409, 12.9949877 ], [ 77.5040755, 12.9952245 ], [ 77.5050011, 12.995298 ], [ 77.5060443, 12.9988884 ], [ 77.5103709, 12.9974891 ], [ 77.5106484, 12.9983944 ], [ 77.5127883, 12.9979502 ], [ 77.5133011, 13.0000966 ], [ 77.5140941, 13.0001567 ], [ 77.5147888, 13.0005758 ], [ 77.5151865, 13.0002749 ], [ 77.5151522, 12.9997241 ], [ 77.5154414, 12.9993384 ], [ 77.516303, 12.9988998 ], [ 77.5177047, 12.9986784 ], [ 77.5174455, 12.9984991 ], [ 77.5174354, 12.9971519 ], [ 77.5183639, 12.9971192 ], [ 77.5190683, 12.9974218 ], [ 77.5188659, 12.9976812 ], [ 77.518861, 12.9985633 ], [ 77.519369, 12.9988599 ], [ 77.5191312, 13.0000029 ], [ 77.5184525, 13.0000298 ], [ 77.5179584, 13.0009945 ], [ 77.5179273, 13.0021388 ], [ 77.5183149, 13.0028251 ], [ 77.5177384, 13.0037873 ], [ 77.5176003, 13.0063127 ], [ 77.5190996, 13.006052 ], [ 77.519191600000013, 13.0063874 ], [ 77.5206677, 13.0062863 ], [ 77.520589, 13.0056795 ], [ 77.5216261, 13.0056221 ], [ 77.5213236, 13.0030376 ], [ 77.5236692, 13.002432 ], [ 77.5235017, 13.0016364 ], [ 77.5240257, 13.0016945 ], [ 77.526269, 13.0007105 ], [ 77.5261302, 13.0004261 ], [ 77.5278272, 12.9996789 ], [ 77.5278263, 13.0013571 ], [ 77.5291756, 13.0022791 ], [ 77.5289805, 13.0034205 ], [ 77.5296087, 13.0042704 ], [ 77.5296015, 13.0051513 ], [ 77.5299053, 13.0057481 ], [ 77.5313682, 13.0054887 ], [ 77.5330733, 13.0064478 ], [ 77.5333946, 13.0062843 ], [ 77.5326006, 13.00527 ], [ 77.5359155, 13.0025815 ], [ 77.5361058, 13.0027784 ], [ 77.5357795, 13.0037493 ], [ 77.5376514, 13.0028389 ], [ 77.5380799, 13.003405 ], [ 77.5388921, 13.0030357 ], [ 77.5392445, 13.0039459 ], [ 77.5404256, 13.0037152 ], [ 77.5403675, 13.0032742 ], [ 77.5407894, 13.0031967 ], [ 77.5406935, 13.0021519 ], [ 77.543624, 13.0035134 ], [ 77.5424832, 13.0054817 ], [ 77.5433769, 13.0076288 ], [ 77.542955, 13.0077052 ], [ 77.5431188, 13.0086286 ], [ 77.5467501, 13.0080125 ], [ 77.5472416, 13.0105791 ], [ 77.5494704, 13.0100332 ], [ 77.5506525, 13.0113147 ], [ 77.553587, 13.0127144 ], [ 77.5540671, 13.013883 ], [ 77.5544575, 13.0124122 ], [ 77.5544931, 13.008073 ], [ 77.5542875, 13.0061653 ], [ 77.5527034, 12.9993564 ], [ 77.5530784, 12.998185 ], [ 77.5554381, 12.9986304 ], [ 77.5563608, 12.9986033 ], [ 77.56057220000001, 12.9971784 ], [ 77.5598519, 12.9966739 ], [ 77.5591505, 12.9949857 ], [ 77.560382, 12.9945794 ], [ 77.560115700000011, 12.9939338 ], [ 77.5678109, 12.9933801 ], [ 77.567933, 12.9883964 ], [ 77.5651107, 12.9885361 ], [ 77.5651043, 12.9883012 ], [ 77.563989600000014, 12.9883631 ], [ 77.5639561, 12.9881827 ], [ 77.5614501, 12.988282 ], [ 77.5618478, 12.9872041 ], [ 77.5610312, 12.9869603 ], [ 77.5607854, 12.9866894 ], [ 77.5617291, 12.9819155 ], [ 77.5611822, 12.9817583 ], [ 77.5607596, 12.9804615 ], [ 77.5592493, 12.9799501 ], [ 77.558939, 12.9788927 ], [ 77.5573536, 12.9785209 ], [ 77.5554458, 12.9774838 ], [ 77.5544722, 12.9755735 ], [ 77.5530636, 12.9716573 ], [ 77.55192, 12.9703642 ], [ 77.5542625, 12.9696421 ], [ 77.5541758, 12.9691076 ], [ 77.5545012, 12.9688899 ], [ 77.551592, 12.9680488 ], [ 77.5500631, 12.966389 ], [ 77.5477887, 12.9647873 ], [ 77.546372, 12.9643009 ], [ 77.5447696, 12.9642906 ], [ 77.5439044, 12.9640246 ], [ 77.5392507, 12.9579615 ], [ 77.5389846, 12.9559053 ], [ 77.5412126, 12.9557255 ], [ 77.5411043, 12.9545294 ], [ 77.5416769, 12.9546227 ], [ 77.5415869, 12.9550276 ], [ 77.5426313, 12.9547119 ], [ 77.5428603, 12.9537897 ], [ 77.5420638, 12.9534223 ], [ 77.5415342, 12.9528696 ], [ 77.5363131, 12.9535597 ], [ 77.534764, 12.9551728 ], [ 77.5340007, 12.9576332 ], [ 77.5357031, 12.9585993 ], [ 77.5368317, 12.9600834 ], [ 77.5375233, 12.9620846 ], [ 77.5371984, 12.9620697 ], [ 77.5374298, 12.9633119 ], [ 77.5368425, 12.9633708 ], [ 77.5371706, 12.9650616 ], [ 77.5374415, 12.9649765 ], [ 77.5375016, 12.9652887 ], [ 77.5354437, 12.9659898 ] ] ] } },
{ "type": "Feature", "properties": { "zone_id": "SAR", "n_wards": 1, "source": "wards", "zone_name": "Sarjapur Road", "zone_type": "mixed", "area_km2": 12.6 }, "geometry": { "type": "Polygon", "coordinates": [ [ [ 77.6738291, 12.8929006 ], [ 77.6654301, 12.8942331 ], [ 77.6602187, 12.8947887 ], [ 77.6559241, 12.8938668 ], [ 77.6537857, 12.8945548 ], [ 77.6538966, 12.8956874 ], [ 77.6543883, 12.8965439 ], [ 77.6548015, 12.8970128 ], [ 77.655475, 12.8968968 ], [ 77.655607, 12.8977968 ], [ 77.6562292, 12.8976218 ], [ 77.656784400000021, 12.8987574 ], [ 77.6567298, 12.9003892 ], [ 77.6546215, 12.9007215 ], [ 77.6545405, 12.9017845 ], [ 77.6565743, 12.9091717 ], [ 77.6570886, 12.9096836 ], [ 77.6589298, 12.9095712 ], [ 77.6601341, 12.9101292 ], [ 77.6600859, 12.9110692 ], [ 77.6608539, 12.9136948 ], [ 77.6604184, 12.9149696 ], [ 77.6613917, 12.9155661 ], [ 77.6621064, 12.9175553 ], [ 77.6651817, 12.9210697 ], [ 77.666618600000021, 12.9209817 ], [ 77.6694833, 12.9227235 ], [ 77.6845604, 12.9298005 ], [ 77.6846027, 12.9278877 ], [ 77.6854388, 12.9273247 ], [ 77.6856496, 12.9269114 ], [ 77.6858205, 12.9238845 ], [ 77.6854211, 12.9200233 ], [ 77.6886028, 12.9198946 ], [ 77.6889336, 12.9196642 ], [ 77.6966579, 12.9194142 ], [ 77.69902740000002, 12.9166986 ], [ 77.6986391, 12.9153735 ], [ 77.6984748, 12.912725 ], [ 77.6978808, 12.9110633 ], [ 77.7016505, 12.9097517 ], [ 77.7027048, 12.909442 ], [ 77.7027664, 12.9097177 ], [ 77.705553, 12.9088621 ], [ 77.7056322, 12.9086784 ], [ 77.7062329, 12.9103784 ], [ 77.7069951, 12.9116228 ], [ 77.7075668, 12.9121171 ], [ 77.7081429, 12.9122184 ], [ 77.7083542, 12.9080629 ], [ 77.7069, 12.9019935 ], [ 77.7028473, 12.9040413 ], [ 77.7024409, 12.9036222 ], [ 77.6979374, 12.9045172 ], [ 77.6978113, 12.9041895 ], [ 77.6962608, 12.9039942 ], [ 77.6935298, 12.9043969 ], [ 77.6929916, 12.9040954 ], [ 77.6915677, 12.9039982 ], [ 77.6910239, 12.9054648 ], [ 77.6883813, 12.9053172 ], [ 77.6882209, 12.9060841 ], [ 77.6877515, 12.9064419 ], [ 77.6868487, 12.9064464 ], [ 77.6873107, 12.904728 ], [ 77.6857167, 12.9044379 ], [ 77.6862559, 12.9039252 ], [ 77.6875819, 12.9033383 ], [ 77.6874698, 12.9025605 ], [ 77.6861722, 12.9024374 ], [ 77.6855513, 12.9022323 ], [ 77.6853234, 12.9018754 ], [ 77.6844548, 12.9018697 ], [ 77.6842205, 12.901644 ], [ 77.6825451, 12.9014142 ], [ 77.6822767, 12.8999588 ], [ 77.679592, 12.897598 ], [ 77.6773538, 12.8942603 ], [ 77.6753461, 12.8937323 ], [ 77.6740947, 12.8936569 ], [ 77.6738291, 12.8929006 ] ] ] } },
{ "type": "Feature", "properties": { "zone_id": "WHF", "n_wards": 5, "source": "wards", "zone_name": "Whitefield", "zone_type": "office", "area_km2": 59.9 }, "geometry": { "type": "MultiPolygon", "coordinates": [ [ [ [ 77.7083542, 12.9080629 ], [ 77.7082607, 12.9117779 ], [ 77.7077418, 12.9135584 ], [ 77.7033746, 12.9152353 ], [ 77.7079264, 12.9203825 ], [ 77.709316900000019, 12.9221319 ], [ 77.7105724, 12.9242271 ], [ 77.7135574, 12.9259045 ], [ 77.7163546, 12.9255707 ], [ 77.7167588, 12.9266187 ], [ 77.7180558, 12.9280698 ], [ 77.7187983, 12.9295063 ], [ 77.7190336, 12.9333702 ], [ 77.7179502, 12.9389983 ], [ 77.7173962, 12.9388684 ], [ 77.7173684, 12.939066 ], [ 77.7188028, 12.9404377 ], [ 77.7182868, 12.9425784 ], [ 77.7203474, 12.9433186 ], [ 77.7222243, 12.9432962 ], [ 77.7249746, 12.9438095 ], [ 77.7246026, 12.9443254 ], [ 77.7245868, 12.9449138 ], [ 77.7254491, 12.9463998 ], [ 77.7251106, 12.9462224 ], [ 77.7250199, 12.9474609 ], [ 77.7253651, 12.9475974 ], [ 77.7248958, 12.9478529 ], [ 77.7238681, 12.9522788 ], [ 77.7239811, 12.9558853 ], [ 77.714761200000012, 12.9558834 ], [ 77.7164202, 12.9604473 ], [ 77.7168303, 12.9623739 ], [ 77.718351, 12.965111 ], [ 77.7183602, 12.965898 ], [ 77.7179501, 12.9666757 ], [ 77.7169351, 12.9673119 ], [ 77.716314, 12.9675295 ], [ 77.714128, 12.9676766 ], [ 77.713514, 12.9681742 ], [ 77.7122166, 12.9711157 ], [ 77.7094392, 12.978856 ], [ 77.708466, 12.9823361 ], [ 77.7083327, 12.9839523 ], [ 77.7086185, 12.9837122 ], [ 77.7109892, 12.9841775 ], [ 77.7123559, 12.9839088 ], [ 77.7122352, 12.9808467 ], [ 77.7138805, 12.9807434 ], [ 77.7146111, 12.9812637 ], [ 77.713974800000017, 12.9778059 ], [ 77.7272281, 12.9764206 ], [ 77.7275497, 12.9805692 ], [ 77.7279866, 12.9821974 ], [ 77.7285635, 12.9833048 ], [ 77.7302733, 12.9855135 ], [ 77.731952, 12.9863989 ], [ 77.7318655, 12.9881177 ], [ 77.7336968, 12.9878715 ], [ 77.7327982, 12.9932298 ], [ 77.732501500000012, 12.9940007 ], [ 77.7314826, 12.995441 ], [ 77.7313684, 12.9965781 ], [ 77.7381838, 12.9978483 ], [ 77.7382269, 12.9997432 ], [ 77.738348, 13.0000265 ], [ 77.7388208, 13.0001909 ], [ 77.7389875, 13.003213 ], [ 77.7395305, 13.0043173 ], [ 77.7391374, 13.0066811 ], [ 77.7386248, 13.006655 ], [ 77.7385673, 13.0076449 ], [ 77.7408784, 13.0081253 ], [ 77.7411054, 13.0071434 ], [ 77.7451537, 13.0071711 ], [ 77.7470852, 13.0068194 ], [ 77.7471423, 13.0071916 ], [ 77.7468664, 13.0072019 ], [ 77.7468811, 13.0078477 ], [ 77.74694980000001, 13.0095675 ], [ 77.7471981, 13.0098394 ], [ 77.7468932, 13.010476 ], [ 77.7472174, 13.0116629 ], [ 77.747795700000012, 13.0114982 ], [ 77.7478807, 13.0127308 ], [ 77.7492136, 13.01204 ], [ 77.7498361, 13.0113479 ], [ 77.7508688, 13.0113745 ], [ 77.7524373, 13.0107116 ], [ 77.7547417, 13.0088389 ], [ 77.7550861, 13.0092155 ], [ 77.7553103, 13.0102392 ], [ 77.7560142, 13.0100719 ], [ 77.7573648, 13.0088281 ], [ 77.7581939, 13.0084879 ], [ 77.7595697, 13.0074665 ], [ 77.759713, 13.0071866 ], [ 77.7593844, 13.0060977 ], [ 77.7602069, 13.0052548 ], [ 77.7607832, 13.0049519 ], [ 77.7617791, 13.0051917 ], [ 77.7621056, 13.0050315 ], [ 77.763472, 13.0028506 ], [ 77.7638325, 13.0031111 ], [ 77.7641211, 13.0040737 ], [ 77.767788400000015, 13.0031062 ], [ 77.7685827, 13.0026529 ], [ 77.7693602, 13.0045371 ], [ 77.7697011, 13.0088636 ], [ 77.7699281, 13.0091355 ], [ 77.7697716, 13.0093687 ], [ 77.7714616, 13.0150477 ], [ 77.7717195, 13.0152384 ], [ 77.7728472, 13.014859 ], [ 77.7731557, 13.0143839 ], [ 77.7731752, 13.013675 ], [ 77.7736416, 13.0134205 ], [ 77.7743742, 13.0134905 ], [ 77.7744435, 13.0133024 ], [ 77.7738551, 13.0124787 ], [ 77.7737142, 13.0112495 ], [ 77.7740017, 13.0106457 ], [ 77.7732803, 13.0101826 ], [ 77.773381, 13.0096456 ], [ 77.7731641, 13.0091044 ], [ 77.7734432, 13.0079392 ], [ 77.7733652, 13.0063776 ], [ 77.7736164, 13.0060977 ], [ 77.7743325, 13.0063768 ], [ 77.7754698, 13.006083 ], [ 77.7758916, 13.0057013 ], [ 77.7754978, 13.0033253 ], [ 77.7747692, 13.0028814 ], [ 77.7734993, 13.0031604 ], [ 77.7724643, 13.0027085 ], [ 77.7728097, 13.0019821 ], [ 77.7736612, 13.0018771 ], [ 77.7738223, 13.0012487 ], [ 77.7747648, 13.001146 ], [ 77.7749914, 13.000859 ], [ 77.7748324, 12.9997135 ], [ 77.775017, 12.998193 ], [ 77.7744544, 12.9979145 ], [ 77.774656, 12.995758 ], [ 77.7741614, 12.9939086 ], [ 77.7744072, 12.9937198 ], [ 77.7741182, 12.9918858 ], [ 77.7750733, 12.9919501 ], [ 77.7756056, 12.9915096 ], [ 77.7755434, 12.9902872 ], [ 77.7761524, 12.9882607 ], [ 77.7758658, 12.986448 ], [ 77.7761592, 12.9857783 ], [ 77.7769134, 12.9851948 ], [ 77.7760953, 12.9824976 ], [ 77.7753744, 12.9820804 ], [ 77.7752472, 12.9813104 ], [ 77.7746683, 12.9804587 ], [ 77.775835, 12.9798959 ], [ 77.7770295, 12.9784894 ], [ 77.7784252, 12.9785625 ], [ 77.778827, 12.9771625 ], [ 77.7786249, 12.9767966 ], [ 77.7782443, 12.9762237 ], [ 77.7776687, 12.9761768 ], [ 77.7772588, 12.9765357 ], [ 77.7769764, 12.9764077 ], [ 77.7761602, 12.97497 ], [ 77.7768737, 12.9740015 ], [ 77.778149, 12.9733985 ], [ 77.7792426, 12.9722362 ], [ 77.7786282, 12.9710843 ], [ 77.7786733, 12.9704797 ], [ 77.7802166, 12.970164 ], [ 77.7808348, 12.9703188 ], [ 77.781149, 12.9707705 ], [ 77.7819738, 12.9709615 ], [ 77.7832625, 12.9708913 ], [ 77.7836474, 12.9706162 ], [ 77.783912, 12.9693566 ], [ 77.7843613, 12.968558 ], [ 77.7840639, 12.9667301 ], [ 77.7821235, 12.9661656 ], [ 77.7812231, 12.9669448 ], [ 77.7806451, 12.9670897 ], [ 77.7787911, 12.9668074 ], [ 77.7786662, 12.9671752 ], [ 77.7788445, 12.9676542 ], [ 77.7776292, 12.9681572 ], [ 77.7774167, 12.9678234 ], [ 77.7763463, 12.9675543 ], [ 77.775068, 12.9666883 ], [ 77.773635400000018, 12.9661106 ], [ 77.7720859, 12.9659317 ], [ 77.7707659, 12.9642211 ], [ 77.7705061, 12.9632133 ], [ 77.7706575, 12.9628784 ], [ 77.7703745, 12.9629172 ], [ 77.7699521, 12.961898 ], [ 77.7689531, 12.9616397 ], [ 77.76839080000002, 12.9612293 ], [ 77.7681447, 12.9604679 ], [ 77.7674956, 12.9602132 ], [ 77.7672036, 12.9595268 ], [ 77.766879, 12.9595773 ], [ 77.7666999, 12.9593187 ], [ 77.7649554, 12.9599317 ], [ 77.7646684, 12.9594527 ], [ 77.7643874, 12.9574019 ], [ 77.7643938, 12.9561284 ], [ 77.7646232, 12.9556775 ], [ 77.7645504, 12.9522123 ], [ 77.7649851, 12.9511713 ], [ 77.7655884, 12.9465553 ], [ 77.7652823, 12.9422995 ], [ 77.7655318, 12.9399772 ], [ 77.7655034, 12.9370504 ], [ 77.7664129, 12.9349639 ], [ 77.7657641, 12.9333319 ], [ 77.7653768, 12.9308262 ], [ 77.7645914, 12.9287565 ], [ 77.7623534, 12.9283788 ], [ 77.7565211, 12.9262547 ], [ 77.7522725, 12.9252984 ], [ 77.7513393, 12.922011 ], [ 77.7457856, 12.9197736 ], [ 77.7452928, 12.9161627 ], [ 77.7446688, 12.9136333 ], [ 77.7445678, 12.9137947 ], [ 77.742352, 12.913978 ], [ 77.7419385, 12.9142634 ], [ 77.7416031, 12.9141334 ], [ 77.7409923, 12.9144484 ], [ 77.7384652, 12.9145987 ], [ 77.7380194, 12.9148178 ], [ 77.737423, 12.9146859 ], [ 77.737396, 12.9134914 ], [ 77.7344467, 12.9131966 ], [ 77.7343653, 12.9140353 ], [ 77.7324541, 12.9142143 ], [ 77.7320714, 12.9139061 ], [ 77.7277714, 12.9145007 ], [ 77.7276123, 12.9108866 ], [ 77.7262755, 12.9065679 ], [ 77.7226958, 12.9072844 ], [ 77.7213118, 12.9078472 ], [ 77.7207917, 12.9081543 ], [ 77.7207964, 12.9088233 ], [ 77.7197776, 12.9086546 ], [ 77.7197034, 12.9079841 ], [ 77.7178559, 12.9083742 ], [ 77.7179131, 12.9088716 ], [ 77.7176396, 12.9089659 ], [ 77.716121500000014, 12.9073873 ], [ 77.714228, 12.9080833 ], [ 77.7113001, 12.907863 ], [ 77.7083542, 12.9080629 ] ], [ [ 77.762968742462675, 13.001830897602886 ], [ 77.7629356, 13.0017155 ], [ 77.7629172, 13.0016511 ], [ 77.762968742462675, 13.001830897602886 ] ], [ [ 77.7638295, 13.0025794 ], [ 77.7638266, 13.002599 ], [ 77.763831, 13.0025692 ], [ 77.7638295, 13.0025794 ] ], [ [ 77.7659232, 12.9623401 ], [ 77.7656576, 12.96237 ], [ 77.7658128, 12.9623525 ], [ 77.7659232, 12.9623401 ] ], [ [ 77.7665345, 12.9623923 ], [ 77.7663774, 12.9623939 ], [ 77.7663965, 12.9623937 ], [ 77.7665345, 12.9623923 ] ], [ [ 77.7706456, 12.9838328 ], [ 77.7709932, 12.9838558 ], [ 77.7714827, 12.9838882 ], [ 77.7706456, 12.9838328 ] ] ], [ [ [ 77.6835426, 13.03321 ], [ 77.6864656, 13.0335481 ], [ 77.6908367, 13.0326077 ], [ 77.6943795, 13.0267388 ], [ 77.6885872, 13.0219826 ], [ 77.6864596, 13.022532 ], [ 77.6838297, 13.0228958 ], [ 77.6831478, 13.0276376 ], [ 77.6835426, 13.03321 ] ] ], [ [ [ 77.6700516, 13.0659555 ], [ 77.6734548, 13.0654031 ], [ 77.673425, 13.0651877 ], [ 77.675174, 13.064888 ], [ 77.6764247, 13.0651344 ], [ 77.6771877, 13.0650308 ], [ 77.6766683, 13.0635845 ], [ 77.6768555, 13.0635318 ], [ 77.6768367, 13.0629131 ], [ 77.6789477, 13.0629057 ], [ 77.679505, 13.0619471 ], [ 77.6792685, 13.0605362 ], [ 77.6794672, 13.0585266 ], [ 77.6791355, 13.0580271 ], [ 77.6788848, 13.058029 ], [ 77.6789937, 13.0575201 ], [ 77.6792278, 13.0575765 ], [ 77.67949, 13.0556756 ], [ 77.6790824, 13.0554618 ], [ 77.6789244, 13.0549976 ], [ 77.6783971, 13.0524432 ], [ 77.6756458, 13.0525491 ], [ 77.6746898, 13.051371 ], [ 77.6737777, 13.0507899 ], [ 77.6729818, 13.0507857 ], [ 77.6721033, 13.0512453 ], [ 77.6715555, 13.0512386 ], [ 77.6700195, 13.0501037 ], [ 77.6693208, 13.049928 ], [ 77.6657639, 13.0500257 ], [ 77.6642456, 13.0508081 ], [ 77.6652586, 13.0547838 ], [ 77.6655961, 13.0606388 ], [ 77.6672959, 13.0640511 ], [ 77.6700516, 13.0659555 ] ] ], [ [ [ 77.6564912, 13.074613 ], [ 77.6565227, 13.0678238 ], [ 77.6558984, 13.0640597 ], [ 77.655383500000013, 13.0575414 ], [ 77.6555237, 13.0565349 ], [ 77.6551334, 13.0551522 ], [ 77.6555195, 13.0550715 ], [ 77.6555312, 13.0526604 ], [ 77.6548465, 13.0488913 ], [ 77.6551183, 13.04808 ], [ 77.6561028, 13.0481049 ], [ 77.65614, 13.046842 ], [ 77.6528716, 13.0465582 ], [ 77.6521722, 13.0470758 ], [ 77.6499822, 13.0477318 ], [ 77.6474396, 13.0480627 ], [ 77.6472046, 13.0483248 ], [ 77.647469, 13.0488698 ], [ 77.6472682, 13.0490582 ], [ 77.647424, 13.04941 ], [ 77.6470456, 13.0495133 ], [ 77.6480154, 13.0509172 ], [ 77.6472532, 13.0527295 ], [ 77.6471005, 13.0542386 ], [ 77.6473238, 13.0542747 ], [ 77.6473322, 13.0550617 ], [ 77.647282, 13.0557014 ], [ 77.6470989, 13.0556502 ], [ 77.6469649, 13.0561597 ], [ 77.6471278, 13.0567441 ], [ 77.6469082, 13.0572692 ], [ 77.6470341, 13.0575164 ], [ 77.6488929, 13.0577051 ], [ 77.6490667, 13.0588314 ], [ 77.6516052, 13.0586993 ], [ 77.6519634, 13.0607542 ], [ 77.6515906, 13.0709765 ], [ 77.6511665, 13.0747932 ], [ 77.6506629, 13.0770907 ], [ 77.650677, 13.0779736 ], [ 77.6496117, 13.0812955 ], [ 77.6547211, 13.0819932 ], [ 77.6564912, 13.074613 ] ] ] ] } },
{ "type": "Feature", "properties": { "zone_id": "YEL", "n_wards": 8, "source": "wards", "zone_name": "Yelahanka", "zone_type": "residential", "area_km2": 59.7 }, "geometry": { "type": "Polygon", "coordinates": [ [ [ 77.5648504, 13.0698842 ], [ 77.5604676, 13.0687521 ], [ 77.5598635, 13.0652493 ], [ 77.5592652, 13.0640105 ], [ 77.5586135, 13.0636482 ], [ 77.5561632, 13.0633808 ], [ 77.5553888, 13.0635712 ], [ 77.5551722, 13.0630287 ], [ 77.5535726, 13.0631653 ], [ 77.5522099, 13.0638478 ], [ 77.5530373, 13.0665128 ], [ 77.5542541, 13.0686645 ], [ 77.5546321, 13.0688539 ], [ 77.5552622, 13.069855 ], [ 77.5515473, 13.0715564 ], [ 77.5535391, 13.0760969 ], [ 77.552073, 13.077086 ], [ 77.5527097, 13.078279 ], [ 77.5524174, 13.0784276 ], [ 77.5532231, 13.0802615 ], [ 77.555127100000021, 13.0795007 ], [ 77.555793, 13.0811215 ], [ 77.5561043, 13.0810326 ], [ 77.5601047, 13.0841841 ], [ 77.5589091, 13.084963 ], [ 77.5587154, 13.0847221 ], [ 77.55560770000001, 13.0860573 ], [ 77.5520679, 13.0843758 ], [ 77.5500976, 13.0821637 ], [ 77.5490148, 13.082057 ], [ 77.548597, 13.0817031 ], [ 77.5472256, 13.0819414 ], [ 77.5474951, 13.0832216 ], [ 77.5463909, 13.0833929 ], [ 77.5464334, 13.0835483 ], [ 77.5451866, 13.0835279 ], [ 77.5452593, 13.0852719 ], [ 77.5440255, 13.0862373 ], [ 77.5407137, 13.0899733 ], [ 77.5407241, 13.0917758 ], [ 77.5421236, 13.0940183 ], [ 77.5423856, 13.0955971 ], [ 77.544429, 13.100788 ], [ 77.5442448, 13.1008034 ], [ 77.5442294, 13.1013185 ], [ 77.5507208, 13.100952 ], [ 77.5561599, 13.1002253 ], [ 77.5565515, 13.1007097 ], [ 77.5573302, 13.1004157 ], [ 77.5574624, 13.1007344 ], [ 77.5571288, 13.1008724 ], [ 77.557295, 13.1011655 ], [ 77.5593089, 13.1033127 ], [ 77.5589229, 13.1033436 ], [ 77.5590272, 13.1043384 ], [ 77.5599584, 13.1058449 ], [ 77.5610952, 13.10837 ], [ 77.5609598, 13.1089171 ], [ 77.5600468, 13.1093099 ], [ 77.5603134, 13.1111513 ], [ 77.5601303, 13.1117443 ], [ 77.5598115, 13.1117938 ], [ 77.5596753, 13.1121112 ], [ 77.5598139, 13.1124029 ], [ 77.5600894, 13.1123591 ], [ 77.5611456, 13.1139094 ], [ 77.5616269, 13.113817 ], [ 77.5625536, 13.1165481 ], [ 77.5631928, 13.1205024 ], [ 77.5655565, 13.1259629 ], [ 77.5696634, 13.1250224 ], [ 77.5699587, 13.1273902 ], [ 77.570797, 13.1305766 ], [ 77.5713336, 13.1339359 ], [ 77.5719113, 13.1359732 ], [ 77.5722271, 13.1358973 ], [ 77.5723844, 13.1362517 ], [ 77.5727332, 13.1362936 ], [ 77.5734177, 13.1360438 ], [ 77.5738672, 13.1377196 ], [ 77.5738905, 13.1411412 ], [ 77.5743637, 13.1412857 ], [ 77.5743076, 13.1415192 ], [ 77.5782405, 13.1424539 ], [ 77.5799114, 13.1426195 ], [ 77.5824806, 13.1400298 ], [ 77.58379260000001, 13.1352194 ], [ 77.5840111, 13.1351173 ], [ 77.5843328, 13.1339585 ], [ 77.5848504, 13.1331028 ], [ 77.585634, 13.1326002 ], [ 77.585859, 13.1325988 ], [ 77.5856907, 13.1332985 ], [ 77.5891037, 13.1333037 ], [ 77.596567, 13.1329287 ], [ 77.5996186, 13.1320319 ], [ 77.6018395, 13.1343073 ], [ 77.6042841, 13.1342597 ], [ 77.6124352, 13.1330057 ], [ 77.615531, 13.131168 ], [ 77.6184035, 13.1316007 ], [ 77.6258699, 13.1274616 ], [ 77.6303522, 13.1260658 ], [ 77.6306029, 13.1259441 ], [ 77.6386161, 13.1134229 ], [ 77.6374706, 13.108417 ], [ 77.637033, 13.1074026 ], [ 77.637021, 13.1062687 ], [ 77.6422376, 13.1054858 ], [ 77.6438538, 13.1057352 ], [ 77.6503199, 13.1046559 ], [ 77.6491195, 13.1016863 ], [ 77.6484542, 13.0991577 ], [ 77.6475725, 13.097733 ], [ 77.6468056, 13.0953173 ], [ 77.6426973, 13.0868863 ], [ 77.646524, 13.0862758 ], [ 77.6466026, 13.0851523 ], [ 77.6455199, 13.0833916 ], [ 77.6445512, 13.0823174 ], [ 77.642146400000016, 13.0778262 ], [ 77.6415136, 13.0772945 ], [ 77.6409365, 13.0778762 ], [ 77.640909, 13.0783875 ], [ 77.640129, 13.0792906 ], [ 77.6390176, 13.0815545 ], [ 77.6386238, 13.0814631 ], [ 77.6386319, 13.0817969 ], [ 77.638354100000015, 13.0815408 ], [ 77.6382525, 13.0817117 ], [ 77.6372726, 13.0815211 ], [ 77.6368716, 13.0817054 ], [ 77.6365488, 13.0813681 ], [ 77.6364492, 13.0805989 ], [ 77.6342245, 13.0807921 ], [ 77.6337634, 13.0765433 ], [ 77.6293689, 13.0789674 ], [ 77.6273045, 13.0796095 ], [ 77.6249913, 13.0814014 ], [ 77.6250727, 13.0822939 ], [ 77.6232664, 13.0828938 ], [ 77.6236902, 13.0829923 ], [ 77.6236133, 13.0846982 ], [ 77.6241118, 13.0871233 ], [ 77.6237211, 13.0877552 ], [ 77.6239943, 13.0885273 ], [ 77.6216246, 13.0886307 ], [ 77.619325, 13.0880532 ], [ 77.6191199, 13.0880712 ], [ 77.6191088, 13.0883054 ], [ 77.6181635, 13.088213 ], [ 77.6166895, 13.0877226 ], [ 77.6149867, 13.0874988 ], [ 77.6141068, 13.0866478 ], [ 77.6128177, 13.0866471 ], [ 77.6124278, 13.0876817 ], [ 77.6116547, 13.0883497 ], [ 77.6097298, 13.0910332 ], [ 77.608122, 13.0943466 ], [ 77.6075308, 13.094421 ], [ 77.6060973, 13.0941133 ], [ 77.6059808, 13.093452 ], [ 77.6067158, 13.0913815 ], [ 77.6070895, 13.0912788 ], [ 77.6080443, 13.0883654 ], [ 77.6070186, 13.0881907 ], [ 77.605631, 13.0873859 ], [ 77.6025254, 13.0861326 ], [ 77.6028615, 13.0858394 ], [ 77.6017528, 13.0801732 ], [ 77.601962500000013, 13.0801593 ], [ 77.6017494, 13.07811 ], [ 77.6021676, 13.0780424 ], [ 77.6019873, 13.0769815 ], [ 77.6016239, 13.076784 ], [ 77.6015416, 13.0758834 ], [ 77.6017846, 13.0757653 ], [ 77.6013497, 13.0729601 ], [ 77.5974541, 13.0727147 ], [ 77.5927127, 13.0734388 ], [ 77.5934482, 13.0584288 ], [ 77.591216500000016, 13.0591694 ], [ 77.5813185, 13.0665671 ], [ 77.5741639, 13.0618074 ], [ 77.5718897, 13.063673 ], [ 77.570094600000019, 13.0667513 ], [ 77.5692102, 13.0691136 ], [ 77.5682592, 13.0684477 ], [ 77.5670554, 13.0685015 ], [ 77.5668692, 13.0685424 ], [ 77.5669465, 13.0694444 ], [ 77.5648504, 13.0698842 ] ], [ [ 77.5623537, 13.1136367 ], [ 77.5624566, 13.1136111 ], [ 77.5616269, 13.113817 ], [ 77.5623537, 13.1136367 ] ], [ [ 77.563113, 13.1161477 ], [ 77.5629451, 13.1162195 ], [ 77.5631504, 13.1161316 ], [ 77.563113, 13.1161477 ] ], [ [ 77.614777, 13.1284774 ], [ 77.6144185, 13.1271741 ], [ 77.6147996, 13.1285592 ], [ 77.614777, 13.1284774 ] ], [ [ 77.6154925, 13.1304035 ], [ 77.6154462, 13.1302802 ], [ 77.6155631, 13.1305913 ], [ 77.6154925, 13.1304035 ] ] ] } },
{ "type": "Feature", "properties": { "zone_id": "YPR", "n_wards": 28, "source": "wards", "zone_name": "Yeshwanthpur", "zone_type": "mixed", "area_km2": 70.8 }, "geometry": { "type": "Polygon", "coordinates": [ [ [ 77.5060443, 12.9988884 ], [ 77.5050011, 12.995298 ], [ 77.5040755, 12.9952245 ], [ 77.5040409, 12.9949877 ], [ 77.5042771, 12.9943112 ], [ 77.5044651, 12.99428 ], [ 77.5047411, 12.9913128 ], [ 77.5057249, 12.9896702 ], [ 77.5047841, 12.9901457 ], [ 77.5038229, 12.9902453 ], [ 77.4999268, 12.9889197 ], [ 77.4984928, 12.9888928 ], [ 77.4969949, 12.9885701 ], [ 77.4969367, 12.9895013 ], [ 77.498290700000013, 12.9904968 ], [ 77.4983931, 12.9909604 ], [ 77.4995214, 12.9915667 ], [ 77.5007087, 12.995877 ], [ 77.5009725, 12.9958463 ], [ 77.5014782, 12.9968932 ], [ 77.4997851, 12.9979989 ], [ 77.499952800000017, 12.9985326 ], [ 77.498684, 12.9987576 ], [ 77.498845, 12.9990571 ], [ 77.4953997, 13.0001351 ], [ 77.4950595, 13.0005009 ], [ 77.49323, 13.0007476 ], [ 77.4944708, 13.0023144 ], [ 77.4947852, 13.0022198 ], [ 77.495617, 13.004373 ], [ 77.4975689, 13.0038586 ], [ 77.4979703, 13.0076914 ], [ 77.498402, 13.0090495 ], [ 77.4992233, 13.0085695 ], [ 77.4999477, 13.0093452 ], [ 77.4997284, 13.0102791 ], [ 77.4997638, 13.0115698 ], [ 77.4999908, 13.0118773 ], [ 77.4996844, 13.0129259 ], [ 77.4997627, 13.0135309 ], [ 77.4991154, 13.0139367 ], [ 77.49724550000002, 13.0138085 ], [ 77.4954512, 13.0141737 ], [ 77.4926855, 13.0141427 ], [ 77.4909173, 13.0140625 ], [ 77.4886708, 13.0136075 ], [ 77.488217, 13.0145244 ], [ 77.4869039, 13.0151593 ], [ 77.4841473, 13.0155934 ], [ 77.4831742, 13.0129419 ], [ 77.4829318, 13.0095922 ], [ 77.4836168, 13.0090368 ], [ 77.4837186, 13.0086744 ], [ 77.4848766, 13.0079733 ], [ 77.4857993, 13.0068949 ], [ 77.4865093, 13.0055611 ], [ 77.4877482, 13.0041894 ], [ 77.4859884, 13.0044611 ], [ 77.4857929, 13.0032292 ], [ 77.4830271, 13.0042315 ], [ 77.4822601, 13.0047615 ], [ 77.4767327, 13.0061944 ], [ 77.4762479, 13.0060322 ], [ 77.4728395, 13.0072684 ], [ 77.473099600000012, 13.0088345 ], [ 77.4734429, 13.0087624 ], [ 77.473989, 13.0096517 ], [ 77.4747309, 13.0112213 ], [ 77.47525880000002, 13.013146 ], [ 77.4770054, 13.0148405 ], [ 77.4769376, 13.0154327 ], [ 77.4774081, 13.0171508 ], [ 77.4782782, 13.018972 ], [ 77.4788026, 13.0219267 ], [ 77.4788349, 13.0221259 ], [ 77.4783399, 13.0222847 ], [ 77.478615, 13.026347 ], [ 77.4795354, 13.0291606 ], [ 77.4768731, 13.0315219 ], [ 77.4786767, 13.0350443 ], [ 77.4799131, 13.0356418 ], [ 77.4800968, 13.0379278 ], [ 77.480855, 13.0384022 ], [ 77.4813397, 13.0397088 ], [ 77.482107200000016, 13.0400169 ], [ 77.4825567, 13.0407518 ], [ 77.4816785, 13.0417639 ], [ 77.4812617, 13.0428759 ], [ 77.4803055, 13.043372 ], [ 77.4796245, 13.0447627 ], [ 77.4800592, 13.0486377 ], [ 77.4802406, 13.0489848 ], [ 77.4811562, 13.0482791 ], [ 77.4821387, 13.0484132 ], [ 77.4875596, 13.0461242 ], [ 77.4895044, 13.0457426 ], [ 77.4909729, 13.045103 ], [ 77.491752, 13.0474145 ], [ 77.4925833, 13.0515118 ], [ 77.4923336, 13.0547378 ], [ 77.4909557, 13.0569584 ], [ 77.4927276, 13.0620879 ], [ 77.4930338, 13.0621411 ], [ 77.4927459, 13.0637579 ], [ 77.4926283, 13.0667348 ], [ 77.4929357, 13.0720962 ], [ 77.4995046, 13.0719799 ], [ 77.5014332, 13.0728447 ], [ 77.5027071, 13.0746546 ], [ 77.504108, 13.0753941 ], [ 77.5047956, 13.0764765 ], [ 77.5057217, 13.0770204 ], [ 77.5060097, 13.077422 ], [ 77.5071769, 13.0780066 ], [ 77.5083847, 13.0776128 ], [ 77.508816900000014, 13.077852 ], [ 77.5094131, 13.076995 ], [ 77.5113075, 13.0755801 ], [ 77.5114618, 13.0758207 ], [ 77.5142885, 13.0751585 ], [ 77.5144422, 13.075356 ], [ 77.517957100000018, 13.0741809 ], [ 77.51898, 13.0796652 ], [ 77.5194186, 13.0793582 ], [ 77.5208825, 13.0791508 ], [ 77.5212806, 13.080405 ], [ 77.522067, 13.0803522 ], [ 77.522877, 13.08091 ], [ 77.5232021, 13.080873 ], [ 77.523586300000019, 13.0828749 ], [ 77.5234479, 13.0881137 ], [ 77.5237786, 13.093068 ], [ 77.5343941, 13.092137 ], [ 77.5354524, 13.0901736 ], [ 77.5407137, 13.0899733 ], [ 77.5440255, 13.0862373 ], [ 77.5452593, 13.0852719 ], [ 77.5451866, 13.0835279 ], [ 77.5464334, 13.0835483 ], [ 77.5463909, 13.0833929 ], [ 77.5474951, 13.0832216 ], [ 77.5472256, 13.0819414 ], [ 77.548597, 13.0817031 ], [ 77.5490148, 13.082057 ], [ 77.5500976, 13.0821637 ], [ 77.5520679, 13.0843758 ], [ 77.55560770000001, 13.0860573 ], [ 77.5587154, 13.0847221 ], [ 77.5589091, 13.084963 ], [ 77.5601047, 13.0841841 ], [ 77.5561043, 13.0810326 ], [ 77.555793, 13.0811215 ], [ 77.555127100000021, 13.0795007 ], [ 77.5532231, 13.0802615 ], [ 77.5524174, 13.0784276 ], [ 77.5527097, 13.078279 ], [ 77.552073, 13.077086 ], [ 77.5535391, 13.0760969 ], [ 77.5515473, 13.0715564 ], [ 77.5552622, 13.069855 ], [ 77.5546321, 13.0688539 ], [ 77.5542541, 13.0686645 ], [ 77.5530373, 13.0665128 ], [ 77.5522099, 13.0638478 ], [ 77.5535726, 13.0631653 ], [ 77.5551722, 13.0630287 ], [ 77.5553888, 13.0635712 ], [ 77.5561632, 13.0633808 ], [ 77.5586135, 13.0636482 ], [ 77.5592652, 13.0640105 ], [ 77.5598635, 13.0652493 ], [ 77.5605115, 13.0688205 ], [ 77.5648504, 13.0698842 ], [ 77.5669465, 13.0694444 ], [ 77.5668692, 13.0685424 ], [ 77.5670554, 13.0685015 ], [ 77.5682592, 13.0684477 ], [ 77.5692102, 13.0691136 ], [ 77.570094600000019, 13.0667513 ], [ 77.5718897, 13.063673 ], [ 77.5714502, 13.0638287 ], [ 77.5710128, 13.063142 ], [ 77.5674945, 13.0626491 ], [ 77.5665549, 13.0609823 ], [ 77.5676049, 13.0601944 ], [ 77.567782, 13.0598166 ], [ 77.5693053, 13.0592605 ], [ 77.5695963, 13.0577144 ], [ 77.5705391, 13.0567981 ], [ 77.5621118, 13.0419756 ], [ 77.5650241, 13.0382211 ], [ 77.5638945, 13.0379703 ], [ 77.5639143, 13.036319 ], [ 77.5633614, 13.0363686 ], [ 77.5632046, 13.0355739 ], [ 77.5642606, 13.0346567 ], [ 77.563862, 13.0319062 ], [ 77.5629996, 13.0319983 ], [ 77.5629561, 13.030785 ], [ 77.5622773, 13.0308702 ], [ 77.5616614, 13.0286575 ], [ 77.5619896, 13.0280862 ], [ 77.5618822, 13.0263244 ], [ 77.562664, 13.0244013 ], [ 77.5632246, 13.0219599 ], [ 77.5628074, 13.0206925 ], [ 77.5614486, 13.0211737 ], [ 77.5615926, 13.021906 ], [ 77.5611425, 13.0224726 ], [ 77.5593514, 13.0229807 ], [ 77.560693, 13.0263123 ], [ 77.5597399, 13.0266853 ], [ 77.5604264, 13.0283516 ], [ 77.5591014, 13.0288598 ], [ 77.5554861, 13.019842 ], [ 77.5543421, 13.019816 ], [ 77.5538883, 13.0191903 ], [ 77.5558611, 13.0158078 ], [ 77.5541986, 13.0151974 ], [ 77.5540197, 13.014875 ], [ 77.5540657, 13.0138548 ], [ 77.553587, 13.0127144 ], [ 77.5506525, 13.0113147 ], [ 77.5494704, 13.0100332 ], [ 77.5472416, 13.0105791 ], [ 77.5467501, 13.0080125 ], [ 77.5431188, 13.0086286 ], [ 77.542955, 13.0077052 ], [ 77.5433769, 13.0076288 ], [ 77.5424832, 13.0054817 ], [ 77.543624, 13.0035134 ], [ 77.5406935, 13.0021519 ], [ 77.5407894, 13.0031967 ], [ 77.5403675, 13.0032742 ], [ 77.5404256, 13.0037152 ], [ 77.5392445, 13.0039459 ], [ 77.5388921, 13.0030357 ], [ 77.5380799, 13.003405 ], [ 77.5376514, 13.0028389 ], [ 77.5357795, 13.0037493 ], [ 77.5361058, 13.0027784 ], [ 77.5359155, 13.0025815 ], [ 77.5326006, 13.00527 ], [ 77.5333946, 13.0062843 ], [ 77.5330733, 13.0064478 ], [ 77.5313682, 13.0054887 ], [ 77.5299053, 13.0057481 ], [ 77.5296015, 13.0051513 ], [ 77.5296087, 13.0042704 ], [ 77.5289805, 13.0034205 ], [ 77.5291756, 13.0022791 ], [ 77.5278263, 13.0013571 ], [ 77.5278272, 12.9996789 ], [ 77.5261302, 13.0004261 ], [ 77.526269, 13.0007105 ], [ 77.5240257, 13.0016945 ], [ 77.5235017, 13.0016364 ], [ 77.5236692, 13.002432 ], [ 77.5213236, 13.0030376 ], [ 77.5216261, 13.0056221 ], [ 77.520589, 13.0056795 ], [ 77.5206677, 13.0062863 ], [ 77.519191600000013, 13.0063874 ], [ 77.5190996, 13.006052 ], [ 77.5176003, 13.0063127 ], [ 77.5177384, 13.0037873 ], [ 77.5183149, 13.0028251 ], [ 77.5179273, 13.0021388 ], [ 77.5179584, 13.0009945 ], [ 77.5184525, 13.0000298 ], [ 77.5191312, 13.0000029 ], [ 77.519369, 12.9988599 ], [ 77.518861, 12.9985633 ], [ 77.5188659, 12.9976812 ], [ 77.5190683, 12.9974218 ], [ 77.5183639, 12.9971192 ], [ 77.5174354, 12.9971519 ], [ 77.5174455, 12.9984991 ], [ 77.5177047, 12.9986784 ], [ 77.516303, 12.9988998 ], [ 77.5154414, 12.9993384 ], [ 77.5151522, 12.9997241 ], [ 77.5151865, 13.0002749 ], [ 77.5147888, 13.0005758 ], [ 77.5140941, 13.0001567 ], [ 77.5133011, 13.0000966 ], [ 77.5127883, 12.9979502 ], [ 77.5106484, 12.9983944 ], [ 77.5103709, 12.9974891 ], [ 77.5060443, 12.9988884 ] ], [ [ 77.5183822, 13.0740073 ], [ 77.5183166, 13.0740341 ], [ 77.517957100000018, 13.0741809 ], [ 77.5183822, 13.0740073 ] ], [ [ 77.5197425, 13.0735333 ], [ 77.5195568, 13.0735971 ], [ 77.5194073, 13.0736484 ], [ 77.5197425, 13.0735333 ] ], [ [ 77.4939344, 13.0513578 ], [ 77.494019687909358, 13.051336613185695 ], [ 77.494002900000012, 13.0513408 ], [ 77.4939344, 13.0513578 ] ], [ [ 77.4948774, 13.0625151 ], [ 77.4948376, 13.0625097 ], [ 77.494954100000015, 13.0625255 ], [ 77.4948774, 13.0625151 ] ], [ [ 77.493372400000013, 13.0623789 ], [ 77.4933703, 13.0623793 ], [ 77.4933815, 13.0623771 ], [ 77.493372400000013, 13.0623789 ] ], [ [ 77.540575177152448, 13.089700812399077 ], [ 77.5397677, 13.0882358 ], [ 77.540573900000012, 13.0896984 ], [ 77.540575177152448, 13.089700812399077 ] ] ] } }
]
}
